ISO-10303-21;
HEADER;
/* Generated by software containing ST-Developer
 * from STEP Tools, Inc. (www.steptools.com) 
 */

FILE_DESCRIPTION(
/* description */ (''),
/* implementation_level */ '2;1');

FILE_NAME(
/* name */ 'bottom.step',
/* time_stamp */ '2026-09-05T20:59:11-07:00',
/* author */ (''),
/* organization */ (''),
/* preprocessor_version */ 'ST-DEVELOPER v20.1',
/* originating_system */ 'Autodesk Translation Framework v15.8.0.0',
/* authorisation */ '');

FILE_SCHEMA (('AUTOMOTIVE_DESIGN { 1 0 10303 214 3 1 1 }'));
ENDSEC;

DATA;
#10=MECHANICAL_DESIGN_GEOMETRIC_PRESENTATION_REPRESENTATION('',(#13),#3312);
#11=SHAPE_REPRESENTATION_RELATIONSHIP('SRR','None',#3319,#12);
#12=ADVANCED_BREP_SHAPE_REPRESENTATION('',(#14),#3311);
#13=STYLED_ITEM('',(#3329),#14);
#14=MANIFOLD_SOLID_BREP('Body78',#1818);
#15=FACE_BOUND('',#264,.T.);
#16=FACE_BOUND('',#265,.T.);
#17=FACE_BOUND('',#266,.T.);
#18=FACE_BOUND('',#267,.T.);
#19=FACE_BOUND('',#268,.T.);
#20=FACE_BOUND('',#269,.T.);
#21=FACE_BOUND('',#270,.T.);
#22=FACE_BOUND('',#271,.T.);
#23=FACE_BOUND('',#272,.T.);
#24=FACE_BOUND('',#295,.T.);
#25=FACE_BOUND('',#316,.T.);
#26=FACE_BOUND('',#320,.T.);
#27=FACE_BOUND('',#324,.T.);
#28=FACE_BOUND('',#328,.T.);
#29=FACE_BOUND('',#332,.T.);
#30=FACE_BOUND('',#336,.T.);
#31=FACE_BOUND('',#340,.T.);
#32=FACE_BOUND('',#344,.T.);
#33=FACE_BOUND('',#351,.T.);
#34=FACE_BOUND('',#352,.T.);
#35=FACE_BOUND('',#353,.T.);
#36=FACE_BOUND('',#354,.T.);
#37=FACE_BOUND('',#355,.T.);
#38=FACE_BOUND('',#356,.T.);
#39=FACE_BOUND('',#357,.T.);
#40=FACE_BOUND('',#358,.T.);
#41=FACE_BOUND('',#359,.T.);
#42=B_SPLINE_CURVE_WITH_KNOTS('',3,(#2831,#2832,#2833,#2834,#2835,#2836,
#2837,#2838),.UNSPECIFIED.,.F.,.F.,(4,2,2,4),(-0.0949080131973874,-0.017669545327949,
0.,0.00104102551269753),.UNSPECIFIED.);
#43=B_SPLINE_CURVE_WITH_KNOTS('',3,(#2844,#2845,#2846,#2847,#2848,#2849,
#2850,#2851),.UNSPECIFIED.,.F.,.F.,(4,2,2,4),(-0.0964646881037046,-0.0954188595653259,
-0.0778125004893955,0.),.UNSPECIFIED.);
#44=ELLIPSE('',#1873,1.20901179055063,1.20000000000001);
#45=ELLIPSE('',#1875,2.40451856089539,2.39999999999998);
#46=ELLIPSE('',#1877,1.20901179055063,1.20000000000001);
#47=ELLIPSE('',#1879,2.40451856089539,2.4);
#48=ELLIPSE('',#1881,2.40451856089538,2.39999999999998);
#49=ELLIPSE('',#1883,1.20901179055061,1.19999999999999);
#50=ELLIPSE('',#1886,2.40451856089538,2.4);
#51=ELLIPSE('',#1888,1.20901179055062,1.2);
#52=ELLIPSE('',#1904,1.02971073296556,0.999999999999996);
#53=ELLIPSE('',#1906,2.0150196509177,2.);
#54=ELLIPSE('',#1908,2.01501965091769,1.99999999999999);
#55=ELLIPSE('',#1909,2.0150196509177,2.);
#56=ELLIPSE('',#1910,2.01501965091769,1.99999999999999);
#57=ELLIPSE('',#1911,2.01501965091769,1.99999999999999);
#58=ELLIPSE('',#1912,2.01501965091769,1.99999999999999);
#59=ELLIPSE('',#1913,2.01501965091769,1.99999999999999);
#60=ELLIPSE('',#1914,2.01501965091769,1.99999999999999);
#61=ELLIPSE('',#1915,2.01501965091769,1.99999999999999);
#62=ELLIPSE('',#1917,2.0150400615505,2.);
#63=ELLIPSE('',#1919,1.02975067353872,0.999999999999997);
#64=ELLIPSE('',#1923,1.02971073296556,0.999999999999996);
#65=ELLIPSE('',#1924,2.0150196509177,2.);
#66=ELLIPSE('',#1928,2.0150400615505,2.);
#67=ELLIPSE('',#1930,1.02975067353872,0.999999999999997);
#68=ELLIPSE('',#1934,1.00001012924752,1.);
#69=ELLIPSE('',#1937,1.00752003077525,1.);
#70=ELLIPSE('',#1940,1.00750982545885,1.);
#71=B_SPLINE_SURFACE_WITH_KNOTS('',3,3,((#2659,#2660,#2661,#2662,#2663),
(#2664,#2665,#2666,#2667,#2668),(#2669,#2670,#2671,#2672,#2673),(#2674,
#2675,#2676,#2677,#2678),(#2679,#2680,#2681,#2682,#2683),(#2684,#2685,#2686,
#2687,#2688)),.UNSPECIFIED.,.F.,.F.,.F.,(4,1,1,4),(4,1,4),(0.,0.285714285714286,
0.571428571428571,1.),(-7.48922368287627E-16,0.897597901025638,1.57079632679487),
 .UNSPECIFIED.);
#72=B_SPLINE_SURFACE_WITH_KNOTS('',3,3,((#2697,#2698,#2699,#2700,#2701),
(#2702,#2703,#2704,#2705,#2706),(#2707,#2708,#2709,#2710,#2711),(#2712,
#2713,#2714,#2715,#2716),(#2717,#2718,#2719,#2720,#2721),(#2722,#2723,#2724,
#2725,#2726)),.UNSPECIFIED.,.F.,.F.,.F.,(4,1,1,4),(4,1,4),(0.,0.285714285714286,
0.571428571428571,1.),(-1.57079632679489,-0.897597901025654,0.),
 .UNSPECIFIED.);
#73=B_SPLINE_SURFACE_WITH_KNOTS('',3,3,((#2735,#2736,#2737,#2738,#2739),
(#2740,#2741,#2742,#2743,#2744),(#2745,#2746,#2747,#2748,#2749),(#2750,
#2751,#2752,#2753,#2754),(#2755,#2756,#2757,#2758,#2759)),.UNSPECIFIED.,
 .F.,.F.,.F.,(4,1,4),(4,1,4),(0.,0.571428571428571,1.),(-1.57079632679489,
-0.897597901025651,1.38262591068487E-15),.UNSPECIFIED.);
#74=B_SPLINE_SURFACE_WITH_KNOTS('',3,3,((#2768,#2769,#2770,#2771,#2772),
(#2773,#2774,#2775,#2776,#2777),(#2778,#2779,#2780,#2781,#2782),(#2783,
#2784,#2785,#2786,#2787),(#2788,#2789,#2790,#2791,#2792)),.UNSPECIFIED.,
 .F.,.F.,.F.,(4,1,4),(4,1,4),(0.,0.571428571428571,1.),(-8.69294064274619E-16,
0.673198425769241,1.5707963267949),.UNSPECIFIED.);
#75=B_SPLINE_SURFACE_WITH_KNOTS('',3,3,((#2863,#2864,#2865,#2866,#2867),
(#2868,#2869,#2870,#2871,#2872),(#2873,#2874,#2875,#2876,#2877),(#2878,
#2879,#2880,#2881,#2882),(#2883,#2884,#2885,#2886,#2887)),.UNSPECIFIED.,
 .F.,.F.,.F.,(4,1,4),(4,1,4),(0.,0.571428571428571,1.),(-1.5707963267949,
-0.897597901025654,1.49880108324396E-15),.UNSPECIFIED.);
#76=B_SPLINE_SURFACE_WITH_KNOTS('',3,3,((#2912,#2913,#2914,#2915,#2916),
(#2917,#2918,#2919,#2920,#2921),(#2922,#2923,#2924,#2925,#2926),(#2927,
#2928,#2929,#2930,#2931),(#2932,#2933,#2934,#2935,#2936),(#2937,#2938,#2939,
#2940,#2941)),.UNSPECIFIED.,.F.,.F.,.F.,(4,1,1,4),(4,1,4),(0.,0.285714285714286,
0.571428571428571,1.),(-1.5341557655954,-0.860957339826152,0.0366405611995067),
 .UNSPECIFIED.);
#77=B_SPLINE_SURFACE_WITH_KNOTS('',3,3,((#2956,#2957,#2958,#2959,#2960),
(#2961,#2962,#2963,#2964,#2965),(#2966,#2967,#2968,#2969,#2970),(#2971,
#2972,#2973,#2974,#2975),(#2976,#2977,#2978,#2979,#2980),(#2981,#2982,#2983,
#2984,#2985)),.UNSPECIFIED.,.F.,.F.,.F.,(4,1,1,4),(4,1,4),(0.,0.285714285714286,
0.571428571428571,1.),(5.48172618408671E-15,0.897597901025661,1.5707963267949),
 .UNSPECIFIED.);
#78=B_SPLINE_SURFACE_WITH_KNOTS('',3,3,((#2998,#2999,#3000,#3001,#3002),
(#3003,#3004,#3005,#3006,#3007),(#3008,#3009,#3010,#3011,#3012),(#3013,
#3014,#3015,#3016,#3017),(#3018,#3019,#3020,#3021,#3022)),.UNSPECIFIED.,
 .F.,.F.,.F.,(4,1,4),(4,1,4),(0.,0.571428571428571,1.),(0.0366405611995193,
0.709838986968762,1.60743688799442),.UNSPECIFIED.);
#79=PLANE('',#1841);
#80=PLANE('',#1851);
#81=PLANE('',#1855);
#82=PLANE('',#1865);
#83=PLANE('',#1872);
#84=PLANE('',#1901);
#85=PLANE('',#1902);
#86=PLANE('',#1907);
#87=PLANE('',#1932);
#88=PLANE('',#1935);
#89=PLANE('',#1938);
#90=PLANE('',#1941);
#91=PLANE('',#1944);
#92=PLANE('',#1945);
#93=PLANE('',#1946);
#94=PLANE('',#1947);
#95=PLANE('',#1948);
#96=PLANE('',#1949);
#97=PLANE('',#1950);
#98=PLANE('',#1951);
#99=PLANE('',#1952);
#100=PLANE('',#1953);
#101=PLANE('',#1954);
#102=PLANE('',#1955);
#103=PLANE('',#1956);
#104=PLANE('',#1957);
#105=PLANE('',#1958);
#106=PLANE('',#1959);
#107=PLANE('',#1960);
#108=PLANE('',#1961);
#109=PLANE('',#1962);
#110=PLANE('',#1963);
#111=PLANE('',#1964);
#112=PLANE('',#1965);
#113=PLANE('',#1966);
#114=PLANE('',#1967);
#115=PLANE('',#1968);
#116=PLANE('',#1971);
#117=PLANE('',#1977);
#118=PLANE('',#1983);
#119=PLANE('',#1989);
#120=PLANE('',#1995);
#121=PLANE('',#2001);
#122=PLANE('',#2007);
#123=PLANE('',#2013);
#124=PLANE('',#2017);
#125=PLANE('',#2018);
#126=PLANE('',#2019);
#127=PLANE('',#2020);
#128=PLANE('',#2021);
#129=FACE_OUTER_BOUND('',#231,.T.);
#130=FACE_OUTER_BOUND('',#232,.T.);
#131=FACE_OUTER_BOUND('',#233,.T.);
#132=FACE_OUTER_BOUND('',#234,.T.);
#133=FACE_OUTER_BOUND('',#235,.T.);
#134=FACE_OUTER_BOUND('',#236,.T.);
#135=FACE_OUTER_BOUND('',#237,.T.);
#136=FACE_OUTER_BOUND('',#238,.T.);
#137=FACE_OUTER_BOUND('',#239,.T.);
#138=FACE_OUTER_BOUND('',#240,.T.);
#139=FACE_OUTER_BOUND('',#241,.T.);
#140=FACE_OUTER_BOUND('',#242,.T.);
#141=FACE_OUTER_BOUND('',#243,.T.);
#142=FACE_OUTER_BOUND('',#244,.T.);
#143=FACE_OUTER_BOUND('',#245,.T.);
#144=FACE_OUTER_BOUND('',#246,.T.);
#145=FACE_OUTER_BOUND('',#247,.T.);
#146=FACE_OUTER_BOUND('',#248,.T.);
#147=FACE_OUTER_BOUND('',#249,.T.);
#148=FACE_OUTER_BOUND('',#250,.T.);
#149=FACE_OUTER_BOUND('',#251,.T.);
#150=FACE_OUTER_BOUND('',#252,.T.);
#151=FACE_OUTER_BOUND('',#253,.T.);
#152=FACE_OUTER_BOUND('',#254,.T.);
#153=FACE_OUTER_BOUND('',#255,.T.);
#154=FACE_OUTER_BOUND('',#256,.T.);
#155=FACE_OUTER_BOUND('',#257,.T.);
#156=FACE_OUTER_BOUND('',#258,.T.);
#157=FACE_OUTER_BOUND('',#259,.T.);
#158=FACE_OUTER_BOUND('',#260,.T.);
#159=FACE_OUTER_BOUND('',#261,.T.);
#160=FACE_OUTER_BOUND('',#262,.T.);
#161=FACE_OUTER_BOUND('',#263,.T.);
#162=FACE_OUTER_BOUND('',#273,.T.);
#163=FACE_OUTER_BOUND('',#274,.T.);
#164=FACE_OUTER_BOUND('',#275,.T.);
#165=FACE_OUTER_BOUND('',#276,.T.);
#166=FACE_OUTER_BOUND('',#277,.T.);
#167=FACE_OUTER_BOUND('',#278,.T.);
#168=FACE_OUTER_BOUND('',#279,.T.);
#169=FACE_OUTER_BOUND('',#280,.T.);
#170=FACE_OUTER_BOUND('',#281,.T.);
#171=FACE_OUTER_BOUND('',#282,.T.);
#172=FACE_OUTER_BOUND('',#283,.T.);
#173=FACE_OUTER_BOUND('',#284,.T.);
#174=FACE_OUTER_BOUND('',#285,.T.);
#175=FACE_OUTER_BOUND('',#286,.T.);
#176=FACE_OUTER_BOUND('',#287,.T.);
#177=FACE_OUTER_BOUND('',#288,.T.);
#178=FACE_OUTER_BOUND('',#289,.T.);
#179=FACE_OUTER_BOUND('',#290,.T.);
#180=FACE_OUTER_BOUND('',#291,.T.);
#181=FACE_OUTER_BOUND('',#292,.T.);
#182=FACE_OUTER_BOUND('',#293,.T.);
#183=FACE_OUTER_BOUND('',#294,.T.);
#184=FACE_OUTER_BOUND('',#296,.T.);
#185=FACE_OUTER_BOUND('',#297,.T.);
#186=FACE_OUTER_BOUND('',#298,.T.);
#187=FACE_OUTER_BOUND('',#299,.T.);
#188=FACE_OUTER_BOUND('',#300,.T.);
#189=FACE_OUTER_BOUND('',#301,.T.);
#190=FACE_OUTER_BOUND('',#302,.T.);
#191=FACE_OUTER_BOUND('',#303,.T.);
#192=FACE_OUTER_BOUND('',#304,.T.);
#193=FACE_OUTER_BOUND('',#305,.T.);
#194=FACE_OUTER_BOUND('',#306,.T.);
#195=FACE_OUTER_BOUND('',#307,.T.);
#196=FACE_OUTER_BOUND('',#308,.T.);
#197=FACE_OUTER_BOUND('',#309,.T.);
#198=FACE_OUTER_BOUND('',#310,.T.);
#199=FACE_OUTER_BOUND('',#311,.T.);
#200=FACE_OUTER_BOUND('',#312,.T.);
#201=FACE_OUTER_BOUND('',#313,.T.);
#202=FACE_OUTER_BOUND('',#314,.T.);
#203=FACE_OUTER_BOUND('',#315,.T.);
#204=FACE_OUTER_BOUND('',#317,.T.);
#205=FACE_OUTER_BOUND('',#318,.T.);
#206=FACE_OUTER_BOUND('',#319,.T.);
#207=FACE_OUTER_BOUND('',#321,.T.);
#208=FACE_OUTER_BOUND('',#322,.T.);
#209=FACE_OUTER_BOUND('',#323,.T.);
#210=FACE_OUTER_BOUND('',#325,.T.);
#211=FACE_OUTER_BOUND('',#326,.T.);
#212=FACE_OUTER_BOUND('',#327,.T.);
#213=FACE_OUTER_BOUND('',#329,.T.);
#214=FACE_OUTER_BOUND('',#330,.T.);
#215=FACE_OUTER_BOUND('',#331,.T.);
#216=FACE_OUTER_BOUND('',#333,.T.);
#217=FACE_OUTER_BOUND('',#334,.T.);
#218=FACE_OUTER_BOUND('',#335,.T.);
#219=FACE_OUTER_BOUND('',#337,.T.);
#220=FACE_OUTER_BOUND('',#338,.T.);
#221=FACE_OUTER_BOUND('',#339,.T.);
#222=FACE_OUTER_BOUND('',#341,.T.);
#223=FACE_OUTER_BOUND('',#342,.T.);
#224=FACE_OUTER_BOUND('',#343,.T.);
#225=FACE_OUTER_BOUND('',#345,.T.);
#226=FACE_OUTER_BOUND('',#346,.T.);
#227=FACE_OUTER_BOUND('',#347,.T.);
#228=FACE_OUTER_BOUND('',#348,.T.);
#229=FACE_OUTER_BOUND('',#349,.T.);
#230=FACE_OUTER_BOUND('',#350,.T.);
#231=EDGE_LOOP('',(#1162,#1163,#1164,#1165));
#232=EDGE_LOOP('',(#1166,#1167,#1168,#1169));
#233=EDGE_LOOP('',(#1170,#1171,#1172,#1173));
#234=EDGE_LOOP('',(#1174,#1175,#1176,#1177));
#235=EDGE_LOOP('',(#1178,#1179,#1180,#1181));
#236=EDGE_LOOP('',(#1182,#1183,#1184,#1185));
#237=EDGE_LOOP('',(#1186,#1187,#1188,#1189));
#238=EDGE_LOOP('',(#1190,#1191,#1192,#1193));
#239=EDGE_LOOP('',(#1194,#1195,#1196,#1197));
#240=EDGE_LOOP('',(#1198,#1199,#1200,#1201));
#241=EDGE_LOOP('',(#1202,#1203,#1204,#1205));
#242=EDGE_LOOP('',(#1206,#1207,#1208,#1209));
#243=EDGE_LOOP('',(#1210,#1211,#1212,#1213));
#244=EDGE_LOOP('',(#1214,#1215,#1216,#1217));
#245=EDGE_LOOP('',(#1218,#1219,#1220,#1221));
#246=EDGE_LOOP('',(#1222,#1223,#1224,#1225));
#247=EDGE_LOOP('',(#1226,#1227,#1228,#1229,#1230,#1231,#1232,#1233,#1234,
#1235,#1236,#1237,#1238,#1239,#1240,#1241));
#248=EDGE_LOOP('',(#1242,#1243,#1244,#1245));
#249=EDGE_LOOP('',(#1246,#1247,#1248,#1249));
#250=EDGE_LOOP('',(#1250,#1251,#1252,#1253));
#251=EDGE_LOOP('',(#1254,#1255,#1256,#1257));
#252=EDGE_LOOP('',(#1258,#1259,#1260,#1261));
#253=EDGE_LOOP('',(#1262,#1263,#1264,#1265));
#254=EDGE_LOOP('',(#1266,#1267,#1268,#1269));
#255=EDGE_LOOP('',(#1270,#1271,#1272,#1273));
#256=EDGE_LOOP('',(#1274,#1275,#1276,#1277));
#257=EDGE_LOOP('',(#1278,#1279,#1280,#1281));
#258=EDGE_LOOP('',(#1282,#1283,#1284,#1285,#1286,#1287,#1288,#1289));
#259=EDGE_LOOP('',(#1290,#1291,#1292,#1293));
#260=EDGE_LOOP('',(#1294,#1295,#1296,#1297));
#261=EDGE_LOOP('',(#1298,#1299,#1300,#1301));
#262=EDGE_LOOP('',(#1302,#1303,#1304,#1305,#1306));
#263=EDGE_LOOP('',(#1307,#1308,#1309,#1310,#1311,#1312,#1313,#1314));
#264=EDGE_LOOP('',(#1315,#1316,#1317,#1318,#1319,#1320,#1321,#1322,#1323,
#1324,#1325,#1326,#1327,#1328,#1329,#1330));
#265=EDGE_LOOP('',(#1331));
#266=EDGE_LOOP('',(#1332));
#267=EDGE_LOOP('',(#1333));
#268=EDGE_LOOP('',(#1334));
#269=EDGE_LOOP('',(#1335));
#270=EDGE_LOOP('',(#1336));
#271=EDGE_LOOP('',(#1337));
#272=EDGE_LOOP('',(#1338));
#273=EDGE_LOOP('',(#1339,#1340,#1341,#1342));
#274=EDGE_LOOP('',(#1343,#1344,#1345,#1346));
#275=EDGE_LOOP('',(#1347,#1348,#1349,#1350));
#276=EDGE_LOOP('',(#1351,#1352,#1353,#1354));
#277=EDGE_LOOP('',(#1355,#1356,#1357,#1358));
#278=EDGE_LOOP('',(#1359,#1360,#1361,#1362,#1363));
#279=EDGE_LOOP('',(#1364,#1365,#1366,#1367));
#280=EDGE_LOOP('',(#1368,#1369,#1370,#1371));
#281=EDGE_LOOP('',(#1372,#1373,#1374,#1375));
#282=EDGE_LOOP('',(#1376,#1377,#1378,#1379,#1380,#1381));
#283=EDGE_LOOP('',(#1382,#1383,#1384,#1385));
#284=EDGE_LOOP('',(#1386,#1387,#1388,#1389,#1390,#1391,#1392,#1393,#1394,
#1395,#1396,#1397));
#285=EDGE_LOOP('',(#1398,#1399,#1400,#1401));
#286=EDGE_LOOP('',(#1402,#1403,#1404,#1405));
#287=EDGE_LOOP('',(#1406,#1407,#1408,#1409));
#288=EDGE_LOOP('',(#1410,#1411,#1412,#1413,#1414,#1415));
#289=EDGE_LOOP('',(#1416,#1417,#1418,#1419));
#290=EDGE_LOOP('',(#1420,#1421,#1422,#1423,#1424));
#291=EDGE_LOOP('',(#1425,#1426,#1427,#1428));
#292=EDGE_LOOP('',(#1429,#1430,#1431,#1432));
#293=EDGE_LOOP('',(#1433,#1434,#1435,#1436));
#294=EDGE_LOOP('',(#1437,#1438,#1439,#1440,#1441,#1442,#1443,#1444,#1445,
#1446,#1447,#1448,#1449,#1450,#1451,#1452));
#295=EDGE_LOOP('',(#1453,#1454,#1455,#1456));
#296=EDGE_LOOP('',(#1457,#1458,#1459,#1460));
#297=EDGE_LOOP('',(#1461,#1462,#1463,#1464));
#298=EDGE_LOOP('',(#1465,#1466,#1467,#1468));
#299=EDGE_LOOP('',(#1469,#1470,#1471,#1472));
#300=EDGE_LOOP('',(#1473,#1474,#1475,#1476));
#301=EDGE_LOOP('',(#1477,#1478,#1479,#1480));
#302=EDGE_LOOP('',(#1481,#1482,#1483,#1484));
#303=EDGE_LOOP('',(#1485,#1486,#1487,#1488,#1489));
#304=EDGE_LOOP('',(#1490,#1491,#1492,#1493));
#305=EDGE_LOOP('',(#1494,#1495,#1496,#1497,#1498,#1499));
#306=EDGE_LOOP('',(#1500,#1501,#1502,#1503,#1504,#1505,#1506,#1507,#1508,
#1509,#1510,#1511,#1512,#1513));
#307=EDGE_LOOP('',(#1514,#1515,#1516,#1517,#1518,#1519));
#308=EDGE_LOOP('',(#1520,#1521,#1522,#1523,#1524,#1525));
#309=EDGE_LOOP('',(#1526,#1527,#1528,#1529));
#310=EDGE_LOOP('',(#1530,#1531,#1532,#1533));
#311=EDGE_LOOP('',(#1534,#1535,#1536,#1537));
#312=EDGE_LOOP('',(#1538,#1539,#1540,#1541));
#313=EDGE_LOOP('',(#1542,#1543,#1544,#1545,#1546,#1547,#1548,#1549,#1550,
#1551,#1552,#1553,#1554,#1555));
#314=EDGE_LOOP('',(#1556,#1557,#1558,#1559));
#315=EDGE_LOOP('',(#1560));
#316=EDGE_LOOP('',(#1561));
#317=EDGE_LOOP('',(#1562,#1563,#1564,#1565));
#318=EDGE_LOOP('',(#1566,#1567,#1568,#1569));
#319=EDGE_LOOP('',(#1570));
#320=EDGE_LOOP('',(#1571));
#321=EDGE_LOOP('',(#1572,#1573,#1574,#1575));
#322=EDGE_LOOP('',(#1576,#1577,#1578,#1579));
#323=EDGE_LOOP('',(#1580));
#324=EDGE_LOOP('',(#1581));
#325=EDGE_LOOP('',(#1582,#1583,#1584,#1585));
#326=EDGE_LOOP('',(#1586,#1587,#1588,#1589));
#327=EDGE_LOOP('',(#1590));
#328=EDGE_LOOP('',(#1591));
#329=EDGE_LOOP('',(#1592,#1593,#1594,#1595));
#330=EDGE_LOOP('',(#1596,#1597,#1598,#1599));
#331=EDGE_LOOP('',(#1600));
#332=EDGE_LOOP('',(#1601));
#333=EDGE_LOOP('',(#1602,#1603,#1604,#1605));
#334=EDGE_LOOP('',(#1606,#1607,#1608,#1609));
#335=EDGE_LOOP('',(#1610));
#336=EDGE_LOOP('',(#1611));
#337=EDGE_LOOP('',(#1612,#1613,#1614,#1615));
#338=EDGE_LOOP('',(#1616,#1617,#1618,#1619));
#339=EDGE_LOOP('',(#1620));
#340=EDGE_LOOP('',(#1621));
#341=EDGE_LOOP('',(#1622,#1623,#1624,#1625));
#342=EDGE_LOOP('',(#1626,#1627,#1628,#1629));
#343=EDGE_LOOP('',(#1630));
#344=EDGE_LOOP('',(#1631));
#345=EDGE_LOOP('',(#1632,#1633,#1634,#1635));
#346=EDGE_LOOP('',(#1636,#1637,#1638,#1639));
#347=EDGE_LOOP('',(#1640,#1641,#1642,#1643));
#348=EDGE_LOOP('',(#1644,#1645,#1646,#1647));
#349=EDGE_LOOP('',(#1648,#1649,#1650,#1651));
#350=EDGE_LOOP('',(#1652,#1653,#1654,#1655,#1656,#1657,#1658,#1659));
#351=EDGE_LOOP('',(#1660));
#352=EDGE_LOOP('',(#1661));
#353=EDGE_LOOP('',(#1662));
#354=EDGE_LOOP('',(#1663));
#355=EDGE_LOOP('',(#1664));
#356=EDGE_LOOP('',(#1665));
#357=EDGE_LOOP('',(#1666));
#358=EDGE_LOOP('',(#1667));
#359=EDGE_LOOP('',(#1668,#1669,#1670,#1671));
#360=LINE('',#2567,#517);
#361=LINE('',#2570,#518);
#362=LINE('',#2576,#519);
#363=LINE('',#2582,#520);
#364=LINE('',#2585,#521);
#365=LINE('',#2587,#522);
#366=LINE('',#2588,#523);
#367=LINE('',#2594,#524);
#368=LINE('',#2600,#525);
#369=LINE('',#2606,#526);
#370=LINE('',#2609,#527);
#371=LINE('',#2611,#528);
#372=LINE('',#2612,#529);
#373=LINE('',#2618,#530);
#374=LINE('',#2621,#531);
#375=LINE('',#2623,#532);
#376=LINE('',#2624,#533);
#377=LINE('',#2629,#534);
#378=LINE('',#2635,#535);
#379=LINE('',#2641,#536);
#380=LINE('',#2645,#537);
#381=LINE('',#2647,#538);
#382=LINE('',#2648,#539);
#383=LINE('',#2653,#540);
#384=LINE('',#2805,#541);
#385=LINE('',#2806,#542);
#386=LINE('',#2808,#543);
#387=LINE('',#2809,#544);
#388=LINE('',#2811,#545);
#389=LINE('',#2812,#546);
#390=LINE('',#2814,#547);
#391=LINE('',#2815,#548);
#392=LINE('',#2820,#549);
#393=LINE('',#2821,#550);
#394=LINE('',#2826,#551);
#395=LINE('',#2827,#552);
#396=LINE('',#2839,#553);
#397=LINE('',#2840,#554);
#398=LINE('',#2842,#555);
#399=LINE('',#2852,#556);
#400=LINE('',#2857,#557);
#401=LINE('',#2858,#558);
#402=LINE('',#2860,#559);
#403=LINE('',#2862,#560);
#404=LINE('',#2954,#561);
#405=LINE('',#2955,#562);
#406=LINE('',#2992,#563);
#407=LINE('',#2993,#564);
#408=LINE('',#2997,#565);
#409=LINE('',#3029,#566);
#410=LINE('',#3030,#567);
#411=LINE('',#3033,#568);
#412=LINE('',#3035,#569);
#413=LINE('',#3036,#570);
#414=LINE('',#3039,#571);
#415=LINE('',#3043,#572);
#416=LINE('',#3045,#573);
#417=LINE('',#3047,#574);
#418=LINE('',#3048,#575);
#419=LINE('',#3051,#576);
#420=LINE('',#3054,#577);
#421=LINE('',#3057,#578);
#422=LINE('',#3060,#579);
#423=LINE('',#3062,#580);
#424=LINE('',#3066,#581);
#425=LINE('',#3069,#582);
#426=LINE('',#3071,#583);
#427=LINE('',#3072,#584);
#428=LINE('',#3076,#585);
#429=LINE('',#3078,#586);
#430=LINE('',#3080,#587);
#431=LINE('',#3081,#588);
#432=LINE('',#3085,#589);
#433=LINE('',#3086,#590);
#434=LINE('',#3088,#591);
#435=LINE('',#3089,#592);
#436=LINE('',#3092,#593);
#437=LINE('',#3094,#594);
#438=LINE('',#3095,#595);
#439=LINE('',#3097,#596);
#440=LINE('',#3100,#597);
#441=LINE('',#3102,#598);
#442=LINE('',#3103,#599);
#443=LINE('',#3106,#600);
#444=LINE('',#3108,#601);
#445=LINE('',#3110,#602);
#446=LINE('',#3112,#603);
#447=LINE('',#3114,#604);
#448=LINE('',#3116,#605);
#449=LINE('',#3118,#606);
#450=LINE('',#3120,#607);
#451=LINE('',#3122,#608);
#452=LINE('',#3124,#609);
#453=LINE('',#3126,#610);
#454=LINE('',#3128,#611);
#455=LINE('',#3129,#612);
#456=LINE('',#3132,#613);
#457=LINE('',#3134,#614);
#458=LINE('',#3136,#615);
#459=LINE('',#3137,#616);
#460=LINE('',#3140,#617);
#461=LINE('',#3142,#618);
#462=LINE('',#3143,#619);
#463=LINE('',#3146,#620);
#464=LINE('',#3147,#621);
#465=LINE('',#3150,#622);
#466=LINE('',#3151,#623);
#467=LINE('',#3153,#624);
#468=LINE('',#3158,#625);
#469=LINE('',#3160,#626);
#470=LINE('',#3162,#627);
#471=LINE('',#3163,#628);
#472=LINE('',#3166,#629);
#473=LINE('',#3168,#630);
#474=LINE('',#3169,#631);
#475=LINE('',#3171,#632);
#476=LINE('',#3172,#633);
#477=LINE('',#3174,#634);
#478=LINE('',#3177,#635);
#479=LINE('',#3178,#636);
#480=LINE('',#3181,#637);
#481=LINE('',#3182,#638);
#482=LINE('',#3183,#639);
#483=LINE('',#3185,#640);
#484=LINE('',#3187,#641);
#485=LINE('',#3189,#642);
#486=LINE('',#3190,#643);
#487=LINE('',#3191,#644);
#488=LINE('',#3194,#645);
#489=LINE('',#3196,#646);
#490=LINE('',#3198,#647);
#491=LINE('',#3200,#648);
#492=LINE('',#3204,#649);
#493=LINE('',#3206,#650);
#494=LINE('',#3207,#651);
#495=LINE('',#3210,#652);
#496=LINE('',#3217,#653);
#497=LINE('',#3221,#654);
#498=LINE('',#3228,#655);
#499=LINE('',#3232,#656);
#500=LINE('',#3239,#657);
#501=LINE('',#3243,#658);
#502=LINE('',#3250,#659);
#503=LINE('',#3254,#660);
#504=LINE('',#3261,#661);
#505=LINE('',#3265,#662);
#506=LINE('',#3272,#663);
#507=LINE('',#3276,#664);
#508=LINE('',#3283,#665);
#509=LINE('',#3287,#666);
#510=LINE('',#3294,#667);
#511=LINE('',#3298,#668);
#512=LINE('',#3299,#669);
#513=LINE('',#3302,#670);
#514=LINE('',#3303,#671);
#515=LINE('',#3305,#672);
#516=LINE('',#3307,#673);
#517=VECTOR('',#2028,10.);
#518=VECTOR('',#2031,10.);
#519=VECTOR('',#2038,10.);
#520=VECTOR('',#2045,10.);
#521=VECTOR('',#2048,10.);
#522=VECTOR('',#2049,10.);
#523=VECTOR('',#2050,10.);
#524=VECTOR('',#2057,10.);
#525=VECTOR('',#2064,10.);
#526=VECTOR('',#2071,10.);
#527=VECTOR('',#2074,10.);
#528=VECTOR('',#2075,10.);
#529=VECTOR('',#2076,10.);
#530=VECTOR('',#2083,10.);
#531=VECTOR('',#2086,10.);
#532=VECTOR('',#2087,10.);
#533=VECTOR('',#2088,10.);
#534=VECTOR('',#2093,10.);
#535=VECTOR('',#2100,10.);
#536=VECTOR('',#2107,10.);
#537=VECTOR('',#2112,10.);
#538=VECTOR('',#2113,10.);
#539=VECTOR('',#2114,10.);
#540=VECTOR('',#2119,10.);
#541=VECTOR('',#2166,10.);
#542=VECTOR('',#2167,10.);
#543=VECTOR('',#2170,10.);
#544=VECTOR('',#2171,10.);
#545=VECTOR('',#2174,10.);
#546=VECTOR('',#2175,10.);
#547=VECTOR('',#2178,10.);
#548=VECTOR('',#2179,10.);
#549=VECTOR('',#2184,10.);
#550=VECTOR('',#2185,10.);
#551=VECTOR('',#2190,10.);
#552=VECTOR('',#2191,10.);
#553=VECTOR('',#2194,10.);
#554=VECTOR('',#2195,10.);
#555=VECTOR('',#2196,10.);
#556=VECTOR('',#2197,10.);
#557=VECTOR('',#2202,10.);
#558=VECTOR('',#2203,10.);
#559=VECTOR('',#2206,10.);
#560=VECTOR('',#2209,10.);
#561=VECTOR('',#2248,10.);
#562=VECTOR('',#2249,10.);
#563=VECTOR('',#2258,10.);
#564=VECTOR('',#2259,10.);
#565=VECTOR('',#2264,10.);
#566=VECTOR('',#2273,10.);
#567=VECTOR('',#2274,10.);
#568=VECTOR('',#2277,10.);
#569=VECTOR('',#2278,10.);
#570=VECTOR('',#2279,10.);
#571=VECTOR('',#2282,10.);
#572=VECTOR('',#2287,10.);
#573=VECTOR('',#2288,10.);
#574=VECTOR('',#2289,10.);
#575=VECTOR('',#2290,10.);
#576=VECTOR('',#2293,10.);
#577=VECTOR('',#2298,10.);
#578=VECTOR('',#2301,10.);
#579=VECTOR('',#2304,10.);
#580=VECTOR('',#2307,10.);
#581=VECTOR('',#2312,10.);
#582=VECTOR('',#2315,10.);
#583=VECTOR('',#2316,10.);
#584=VECTOR('',#2317,10.);
#585=VECTOR('',#2320,10.);
#586=VECTOR('',#2321,10.);
#587=VECTOR('',#2322,10.);
#588=VECTOR('',#2323,10.);
#589=VECTOR('',#2326,10.);
#590=VECTOR('',#2327,10.);
#591=VECTOR('',#2328,10.);
#592=VECTOR('',#2329,10.);
#593=VECTOR('',#2332,10.);
#594=VECTOR('',#2333,10.);
#595=VECTOR('',#2334,10.);
#596=VECTOR('',#2337,10.);
#597=VECTOR('',#2340,10.);
#598=VECTOR('',#2341,10.);
#599=VECTOR('',#2342,10.);
#600=VECTOR('',#2345,10.);
#601=VECTOR('',#2346,10.);
#602=VECTOR('',#2347,10.);
#603=VECTOR('',#2348,10.);
#604=VECTOR('',#2349,10.);
#605=VECTOR('',#2350,10.);
#606=VECTOR('',#2351,10.);
#607=VECTOR('',#2352,10.);
#608=VECTOR('',#2353,10.);
#609=VECTOR('',#2354,10.);
#610=VECTOR('',#2355,10.);
#611=VECTOR('',#2356,10.);
#612=VECTOR('',#2357,10.);
#613=VECTOR('',#2358,10.);
#614=VECTOR('',#2359,10.);
#615=VECTOR('',#2360,10.);
#616=VECTOR('',#2361,10.);
#617=VECTOR('',#2364,10.);
#618=VECTOR('',#2365,10.);
#619=VECTOR('',#2366,10.);
#620=VECTOR('',#2369,10.);
#621=VECTOR('',#2370,10.);
#622=VECTOR('',#2373,10.);
#623=VECTOR('',#2374,10.);
#624=VECTOR('',#2377,10.);
#625=VECTOR('',#2382,10.);
#626=VECTOR('',#2383,10.);
#627=VECTOR('',#2384,10.);
#628=VECTOR('',#2385,10.);
#629=VECTOR('',#2388,10.);
#630=VECTOR('',#2389,10.);
#631=VECTOR('',#2390,10.);
#632=VECTOR('',#2393,10.);
#633=VECTOR('',#2394,10.);
#634=VECTOR('',#2397,10.);
#635=VECTOR('',#2400,10.);
#636=VECTOR('',#2401,10.);
#637=VECTOR('',#2404,10.);
#638=VECTOR('',#2405,10.);
#639=VECTOR('',#2406,10.);
#640=VECTOR('',#2407,10.);
#641=VECTOR('',#2408,10.);
#642=VECTOR('',#2409,10.);
#643=VECTOR('',#2410,10.);
#644=VECTOR('',#2411,10.);
#645=VECTOR('',#2416,10.);
#646=VECTOR('',#2419,10.);
#647=VECTOR('',#2422,10.);
#648=VECTOR('',#2425,10.);
#649=VECTOR('',#2430,10.);
#650=VECTOR('',#2431,10.);
#651=VECTOR('',#2432,10.);
#652=VECTOR('',#2435,1.99999999999999);
#653=VECTOR('',#2444,1.15000000000002);
#654=VECTOR('',#2449,1.99999999999999);
#655=VECTOR('',#2458,1.14999999999998);
#656=VECTOR('',#2463,1.99999999999999);
#657=VECTOR('',#2472,1.14999999999998);
#658=VECTOR('',#2477,1.99999999999999);
#659=VECTOR('',#2486,1.15);
#660=VECTOR('',#2491,1.99999999999999);
#661=VECTOR('',#2500,1.14999999999998);
#662=VECTOR('',#2505,1.99999999999999);
#663=VECTOR('',#2514,1.15);
#664=VECTOR('',#2519,2.);
#665=VECTOR('',#2528,1.15);
#666=VECTOR('',#2533,1.99999999999999);
#667=VECTOR('',#2542,1.15);
#668=VECTOR('',#2547,10.);
#669=VECTOR('',#2548,10.);
#670=VECTOR('',#2551,10.);
#671=VECTOR('',#2552,10.);
#672=VECTOR('',#2555,10.);
#673=VECTOR('',#2558,10.);
#674=CIRCLE('',#1833,5.62500000005902);
#675=CIRCLE('',#1834,5.62500000005902);
#676=CIRCLE('',#1836,2.25000000000005);
#677=CIRCLE('',#1837,2.25000000000005);
#678=CIRCLE('',#1839,3.37500000000262);
#679=CIRCLE('',#1840,3.37500000000262);
#680=CIRCLE('',#1843,5.80276905705991);
#681=CIRCLE('',#1844,5.80276905705991);
#682=CIRCLE('',#1846,1.12500000002764);
#683=CIRCLE('',#1847,1.12500000002764);
#684=CIRCLE('',#1849,7.7214885761763);
#685=CIRCLE('',#1850,7.7214885761763);
#686=CIRCLE('',#1853,5.62499999999149);
#687=CIRCLE('',#1854,5.62499999999149);
#688=CIRCLE('',#1857,7.72148857621671);
#689=CIRCLE('',#1858,7.72148857621671);
#690=CIRCLE('',#1860,1.1250000001266);
#691=CIRCLE('',#1861,1.1250000001266);
#692=CIRCLE('',#1863,5.80276910661154);
#693=CIRCLE('',#1864,5.80276910661154);
#694=CIRCLE('',#1867,3.37499999998418);
#695=CIRCLE('',#1868,3.37499999998418);
#696=CIRCLE('',#1870,2.24999999999996);
#697=CIRCLE('',#1871,2.24999999999996);
#698=CIRCLE('',#1874,1.19999999999999);
#699=CIRCLE('',#1876,1.2);
#700=CIRCLE('',#1878,1.19999999999999);
#701=CIRCLE('',#1880,1.2);
#702=CIRCLE('',#1882,1.2);
#703=CIRCLE('',#1884,1.20000000000001);
#704=CIRCLE('',#1885,1.2);
#705=CIRCLE('',#1887,1.2);
#706=CIRCLE('',#1890,2.4);
#707=CIRCLE('',#1895,2.4);
#708=CIRCLE('',#1897,2.4);
#709=CIRCLE('',#1900,2.4);
#710=CIRCLE('',#1903,0.999999999999996);
#711=CIRCLE('',#1905,0.999999999999996);
#712=CIRCLE('',#1916,0.999999999999998);
#713=CIRCLE('',#1918,0.999999999999996);
#714=CIRCLE('',#1921,0.999999999999996);
#715=CIRCLE('',#1922,0.999999999999996);
#716=CIRCLE('',#1927,0.999999999999996);
#717=CIRCLE('',#1929,0.999999999999996);
#718=CIRCLE('',#1943,1.);
#719=CIRCLE('',#1970,1.99999999999999);
#720=CIRCLE('',#1972,1.15000000000002);
#721=CIRCLE('',#1974,1.15000000000002);
#722=CIRCLE('',#1976,1.99999999999999);
#723=CIRCLE('',#1978,1.14999999999998);
#724=CIRCLE('',#1980,1.14999999999998);
#725=CIRCLE('',#1982,1.99999999999999);
#726=CIRCLE('',#1984,1.14999999999998);
#727=CIRCLE('',#1986,1.14999999999998);
#728=CIRCLE('',#1988,1.99999999999999);
#729=CIRCLE('',#1990,1.15);
#730=CIRCLE('',#1992,1.15);
#731=CIRCLE('',#1994,1.99999999999999);
#732=CIRCLE('',#1996,1.14999999999998);
#733=CIRCLE('',#1998,1.14999999999998);
#734=CIRCLE('',#2000,1.99999999999999);
#735=CIRCLE('',#2002,1.15);
#736=CIRCLE('',#2004,1.15);
#737=CIRCLE('',#2006,2.);
#738=CIRCLE('',#2008,1.15);
#739=CIRCLE('',#2010,1.15);
#740=CIRCLE('',#2012,1.99999999999999);
#741=CIRCLE('',#2014,1.15);
#742=CIRCLE('',#2016,1.15);
#743=VERTEX_POINT('',#2563);
#744=VERTEX_POINT('',#2564);
#745=VERTEX_POINT('',#2566);
#746=VERTEX_POINT('',#2568);
#747=VERTEX_POINT('',#2572);
#748=VERTEX_POINT('',#2574);
#749=VERTEX_POINT('',#2578);
#750=VERTEX_POINT('',#2580);
#751=VERTEX_POINT('',#2584);
#752=VERTEX_POINT('',#2586);
#753=VERTEX_POINT('',#2590);
#754=VERTEX_POINT('',#2592);
#755=VERTEX_POINT('',#2596);
#756=VERTEX_POINT('',#2598);
#757=VERTEX_POINT('',#2602);
#758=VERTEX_POINT('',#2604);
#759=VERTEX_POINT('',#2608);
#760=VERTEX_POINT('',#2610);
#761=VERTEX_POINT('',#2614);
#762=VERTEX_POINT('',#2616);
#763=VERTEX_POINT('',#2620);
#764=VERTEX_POINT('',#2622);
#765=VERTEX_POINT('',#2626);
#766=VERTEX_POINT('',#2628);
#767=VERTEX_POINT('',#2632);
#768=VERTEX_POINT('',#2634);
#769=VERTEX_POINT('',#2638);
#770=VERTEX_POINT('',#2640);
#771=VERTEX_POINT('',#2644);
#772=VERTEX_POINT('',#2646);
#773=VERTEX_POINT('',#2650);
#774=VERTEX_POINT('',#2652);
#775=VERTEX_POINT('',#2689);
#776=VERTEX_POINT('',#2690);
#777=VERTEX_POINT('',#2692);
#778=VERTEX_POINT('',#2694);
#779=VERTEX_POINT('',#2727);
#780=VERTEX_POINT('',#2728);
#781=VERTEX_POINT('',#2730);
#782=VERTEX_POINT('',#2732);
#783=VERTEX_POINT('',#2760);
#784=VERTEX_POINT('',#2761);
#785=VERTEX_POINT('',#2763);
#786=VERTEX_POINT('',#2765);
#787=VERTEX_POINT('',#2793);
#788=VERTEX_POINT('',#2794);
#789=VERTEX_POINT('',#2796);
#790=VERTEX_POINT('',#2798);
#791=VERTEX_POINT('',#2802);
#792=VERTEX_POINT('',#2803);
#793=VERTEX_POINT('',#2817);
#794=VERTEX_POINT('',#2818);
#795=VERTEX_POINT('',#2823);
#796=VERTEX_POINT('',#2824);
#797=VERTEX_POINT('',#2829);
#798=VERTEX_POINT('',#2830);
#799=VERTEX_POINT('',#2841);
#800=VERTEX_POINT('',#2843);
#801=VERTEX_POINT('',#2854);
#802=VERTEX_POINT('',#2855);
#803=VERTEX_POINT('',#2888);
#804=VERTEX_POINT('',#2890);
#805=VERTEX_POINT('',#2892);
#806=VERTEX_POINT('',#2896);
#807=VERTEX_POINT('',#2898);
#808=VERTEX_POINT('',#2900);
#809=VERTEX_POINT('',#2902);
#810=VERTEX_POINT('',#2904);
#811=VERTEX_POINT('',#2906);
#812=VERTEX_POINT('',#2908);
#813=VERTEX_POINT('',#2910);
#814=VERTEX_POINT('',#2942);
#815=VERTEX_POINT('',#2943);
#816=VERTEX_POINT('',#2945);
#817=VERTEX_POINT('',#2947);
#818=VERTEX_POINT('',#2951);
#819=VERTEX_POINT('',#2952);
#820=VERTEX_POINT('',#2986);
#821=VERTEX_POINT('',#2987);
#822=VERTEX_POINT('',#2995);
#823=VERTEX_POINT('',#3023);
#824=VERTEX_POINT('',#3025);
#825=VERTEX_POINT('',#3032);
#826=VERTEX_POINT('',#3034);
#827=VERTEX_POINT('',#3038);
#828=VERTEX_POINT('',#3042);
#829=VERTEX_POINT('',#3044);
#830=VERTEX_POINT('',#3046);
#831=VERTEX_POINT('',#3050);
#832=VERTEX_POINT('',#3056);
#833=VERTEX_POINT('',#3058);
#834=VERTEX_POINT('',#3064);
#835=VERTEX_POINT('',#3068);
#836=VERTEX_POINT('',#3070);
#837=VERTEX_POINT('',#3074);
#838=VERTEX_POINT('',#3075);
#839=VERTEX_POINT('',#3077);
#840=VERTEX_POINT('',#3079);
#841=VERTEX_POINT('',#3083);
#842=VERTEX_POINT('',#3084);
#843=VERTEX_POINT('',#3087);
#844=VERTEX_POINT('',#3091);
#845=VERTEX_POINT('',#3093);
#846=VERTEX_POINT('',#3099);
#847=VERTEX_POINT('',#3101);
#848=VERTEX_POINT('',#3105);
#849=VERTEX_POINT('',#3107);
#850=VERTEX_POINT('',#3109);
#851=VERTEX_POINT('',#3111);
#852=VERTEX_POINT('',#3113);
#853=VERTEX_POINT('',#3115);
#854=VERTEX_POINT('',#3117);
#855=VERTEX_POINT('',#3119);
#856=VERTEX_POINT('',#3121);
#857=VERTEX_POINT('',#3123);
#858=VERTEX_POINT('',#3125);
#859=VERTEX_POINT('',#3127);
#860=VERTEX_POINT('',#3130);
#861=VERTEX_POINT('',#3131);
#862=VERTEX_POINT('',#3133);
#863=VERTEX_POINT('',#3135);
#864=VERTEX_POINT('',#3139);
#865=VERTEX_POINT('',#3141);
#866=VERTEX_POINT('',#3145);
#867=VERTEX_POINT('',#3149);
#868=VERTEX_POINT('',#3156);
#869=VERTEX_POINT('',#3157);
#870=VERTEX_POINT('',#3159);
#871=VERTEX_POINT('',#3161);
#872=VERTEX_POINT('',#3165);
#873=VERTEX_POINT('',#3167);
#874=VERTEX_POINT('',#3176);
#875=VERTEX_POINT('',#3180);
#876=VERTEX_POINT('',#3184);
#877=VERTEX_POINT('',#3186);
#878=VERTEX_POINT('',#3188);
#879=VERTEX_POINT('',#3203);
#880=VERTEX_POINT('',#3205);
#881=VERTEX_POINT('',#3209);
#882=VERTEX_POINT('',#3213);
#883=VERTEX_POINT('',#3216);
#884=VERTEX_POINT('',#3220);
#885=VERTEX_POINT('',#3224);
#886=VERTEX_POINT('',#3227);
#887=VERTEX_POINT('',#3231);
#888=VERTEX_POINT('',#3235);
#889=VERTEX_POINT('',#3238);
#890=VERTEX_POINT('',#3242);
#891=VERTEX_POINT('',#3246);
#892=VERTEX_POINT('',#3249);
#893=VERTEX_POINT('',#3253);
#894=VERTEX_POINT('',#3257);
#895=VERTEX_POINT('',#3260);
#896=VERTEX_POINT('',#3264);
#897=VERTEX_POINT('',#3268);
#898=VERTEX_POINT('',#3271);
#899=VERTEX_POINT('',#3275);
#900=VERTEX_POINT('',#3279);
#901=VERTEX_POINT('',#3282);
#902=VERTEX_POINT('',#3286);
#903=VERTEX_POINT('',#3290);
#904=VERTEX_POINT('',#3293);
#905=VERTEX_POINT('',#3297);
#906=VERTEX_POINT('',#3301);
#907=EDGE_CURVE('',#743,#744,#674,.T.);
#908=EDGE_CURVE('',#743,#745,#360,.T.);
#909=EDGE_CURVE('',#745,#746,#675,.T.);
#910=EDGE_CURVE('',#744,#746,#361,.T.);
#911=EDGE_CURVE('',#744,#747,#676,.T.);
#912=EDGE_CURVE('',#746,#748,#677,.T.);
#913=EDGE_CURVE('',#747,#748,#362,.T.);
#914=EDGE_CURVE('',#747,#749,#678,.T.);
#915=EDGE_CURVE('',#748,#750,#679,.T.);
#916=EDGE_CURVE('',#749,#750,#363,.T.);
#917=EDGE_CURVE('',#749,#751,#364,.T.);
#918=EDGE_CURVE('',#750,#752,#365,.T.);
#919=EDGE_CURVE('',#751,#752,#366,.T.);
#920=EDGE_CURVE('',#751,#753,#680,.T.);
#921=EDGE_CURVE('',#752,#754,#681,.T.);
#922=EDGE_CURVE('',#753,#754,#367,.T.);
#923=EDGE_CURVE('',#753,#755,#682,.T.);
#924=EDGE_CURVE('',#754,#756,#683,.T.);
#925=EDGE_CURVE('',#755,#756,#368,.T.);
#926=EDGE_CURVE('',#755,#757,#684,.T.);
#927=EDGE_CURVE('',#756,#758,#685,.T.);
#928=EDGE_CURVE('',#757,#758,#369,.T.);
#929=EDGE_CURVE('',#757,#759,#370,.T.);
#930=EDGE_CURVE('',#758,#760,#371,.T.);
#931=EDGE_CURVE('',#759,#760,#372,.T.);
#932=EDGE_CURVE('',#759,#761,#686,.T.);
#933=EDGE_CURVE('',#760,#762,#687,.T.);
#934=EDGE_CURVE('',#761,#762,#373,.T.);
#935=EDGE_CURVE('',#763,#743,#374,.T.);
#936=EDGE_CURVE('',#763,#764,#375,.T.);
#937=EDGE_CURVE('',#764,#745,#376,.T.);
#938=EDGE_CURVE('',#765,#763,#688,.T.);
#939=EDGE_CURVE('',#765,#766,#377,.T.);
#940=EDGE_CURVE('',#766,#764,#689,.T.);
#941=EDGE_CURVE('',#767,#765,#690,.T.);
#942=EDGE_CURVE('',#767,#768,#378,.T.);
#943=EDGE_CURVE('',#768,#766,#691,.T.);
#944=EDGE_CURVE('',#769,#767,#692,.T.);
#945=EDGE_CURVE('',#769,#770,#379,.T.);
#946=EDGE_CURVE('',#770,#768,#693,.T.);
#947=EDGE_CURVE('',#771,#769,#380,.T.);
#948=EDGE_CURVE('',#771,#772,#381,.T.);
#949=EDGE_CURVE('',#772,#770,#382,.T.);
#950=EDGE_CURVE('',#773,#771,#694,.T.);
#951=EDGE_CURVE('',#773,#774,#383,.T.);
#952=EDGE_CURVE('',#774,#772,#695,.T.);
#953=EDGE_CURVE('',#761,#773,#696,.T.);
#954=EDGE_CURVE('',#762,#774,#697,.T.);
#955=EDGE_CURVE('',#775,#776,#44,.T.);
#956=EDGE_CURVE('',#777,#776,#698,.T.);
#957=EDGE_CURVE('',#778,#777,#45,.F.);
#958=EDGE_CURVE('',#775,#778,#699,.T.);
#959=EDGE_CURVE('',#779,#780,#46,.T.);
#960=EDGE_CURVE('',#781,#780,#700,.T.);
#961=EDGE_CURVE('',#782,#781,#47,.F.);
#962=EDGE_CURVE('',#779,#782,#701,.T.);
#963=EDGE_CURVE('',#783,#784,#48,.F.);
#964=EDGE_CURVE('',#785,#783,#702,.T.);
#965=EDGE_CURVE('',#785,#786,#49,.T.);
#966=EDGE_CURVE('',#784,#786,#703,.T.);
#967=EDGE_CURVE('',#787,#788,#704,.T.);
#968=EDGE_CURVE('',#789,#787,#50,.F.);
#969=EDGE_CURVE('',#790,#789,#705,.T.);
#970=EDGE_CURVE('',#790,#788,#51,.T.);
#971=EDGE_CURVE('',#791,#792,#706,.T.);
#972=EDGE_CURVE('',#792,#789,#384,.T.);
#973=EDGE_CURVE('',#787,#791,#385,.T.);
#974=EDGE_CURVE('',#789,#781,#386,.T.);
#975=EDGE_CURVE('',#780,#790,#387,.T.);
#976=EDGE_CURVE('',#783,#787,#388,.T.);
#977=EDGE_CURVE('',#788,#785,#389,.T.);
#978=EDGE_CURVE('',#778,#784,#390,.T.);
#979=EDGE_CURVE('',#786,#775,#391,.T.);
#980=EDGE_CURVE('',#793,#794,#707,.T.);
#981=EDGE_CURVE('',#794,#783,#392,.T.);
#982=EDGE_CURVE('',#784,#793,#393,.T.);
#983=EDGE_CURVE('',#795,#796,#708,.T.);
#984=EDGE_CURVE('',#796,#782,#394,.T.);
#985=EDGE_CURVE('',#781,#795,#395,.T.);
#986=EDGE_CURVE('',#797,#798,#42,.T.);
#987=EDGE_CURVE('',#798,#777,#396,.T.);
#988=EDGE_CURVE('',#776,#779,#397,.T.);
#989=EDGE_CURVE('',#782,#799,#398,.T.);
#990=EDGE_CURVE('',#799,#800,#43,.T.);
#991=EDGE_CURVE('',#800,#797,#399,.T.);
#992=EDGE_CURVE('',#801,#802,#709,.T.);
#993=EDGE_CURVE('',#802,#778,#400,.T.);
#994=EDGE_CURVE('',#777,#801,#401,.T.);
#995=EDGE_CURVE('',#791,#794,#402,.T.);
#996=EDGE_CURVE('',#793,#802,#403,.T.);
#997=EDGE_CURVE('',#797,#803,#710,.T.);
#998=EDGE_CURVE('',#803,#804,#52,.T.);
#999=EDGE_CURVE('',#805,#804,#711,.T.);
#1000=EDGE_CURVE('',#805,#798,#53,.T.);
#1001=EDGE_CURVE('',#806,#806,#54,.T.);
#1002=EDGE_CURVE('',#807,#807,#55,.T.);
#1003=EDGE_CURVE('',#808,#808,#56,.T.);
#1004=EDGE_CURVE('',#809,#809,#57,.T.);
#1005=EDGE_CURVE('',#810,#810,#58,.T.);
#1006=EDGE_CURVE('',#811,#811,#59,.T.);
#1007=EDGE_CURVE('',#812,#812,#60,.T.);
#1008=EDGE_CURVE('',#813,#813,#61,.T.);
#1009=EDGE_CURVE('',#814,#815,#712,.T.);
#1010=EDGE_CURVE('',#815,#816,#62,.T.);
#1011=EDGE_CURVE('',#816,#817,#713,.T.);
#1012=EDGE_CURVE('',#817,#814,#63,.T.);
#1013=EDGE_CURVE('',#818,#819,#714,.T.);
#1014=EDGE_CURVE('',#819,#817,#404,.T.);
#1015=EDGE_CURVE('',#816,#818,#405,.T.);
#1016=EDGE_CURVE('',#820,#821,#715,.T.);
#1017=EDGE_CURVE('',#821,#819,#64,.T.);
#1018=EDGE_CURVE('',#818,#820,#65,.T.);
#1019=EDGE_CURVE('',#804,#821,#406,.T.);
#1020=EDGE_CURVE('',#820,#805,#407,.T.);
#1021=EDGE_CURVE('',#800,#822,#716,.T.);
#1022=EDGE_CURVE('',#822,#803,#408,.T.);
#1023=EDGE_CURVE('',#799,#823,#66,.T.);
#1024=EDGE_CURVE('',#823,#824,#717,.T.);
#1025=EDGE_CURVE('',#824,#822,#67,.T.);
#1026=EDGE_CURVE('',#823,#815,#409,.T.);
#1027=EDGE_CURVE('',#814,#824,#410,.T.);
#1028=EDGE_CURVE('',#825,#822,#411,.T.);
#1029=EDGE_CURVE('',#825,#826,#412,.T.);
#1030=EDGE_CURVE('',#803,#826,#413,.T.);
#1031=EDGE_CURVE('',#824,#827,#414,.T.);
#1032=EDGE_CURVE('',#825,#827,#68,.T.);
#1033=EDGE_CURVE('',#828,#814,#415,.T.);
#1034=EDGE_CURVE('',#829,#828,#416,.T.);
#1035=EDGE_CURVE('',#829,#830,#417,.T.);
#1036=EDGE_CURVE('',#830,#827,#418,.T.);
#1037=EDGE_CURVE('',#817,#831,#419,.T.);
#1038=EDGE_CURVE('',#831,#828,#69,.T.);
#1039=EDGE_CURVE('',#801,#796,#420,.T.);
#1040=EDGE_CURVE('',#821,#832,#421,.T.);
#1041=EDGE_CURVE('',#832,#833,#70,.T.);
#1042=EDGE_CURVE('',#833,#819,#422,.T.);
#1043=EDGE_CURVE('',#831,#833,#423,.T.);
#1044=EDGE_CURVE('',#834,#826,#718,.T.);
#1045=EDGE_CURVE('',#834,#804,#424,.T.);
#1046=EDGE_CURVE('',#834,#835,#425,.T.);
#1047=EDGE_CURVE('',#835,#836,#426,.T.);
#1048=EDGE_CURVE('',#832,#836,#427,.T.);
#1049=EDGE_CURVE('',#837,#838,#428,.T.);
#1050=EDGE_CURVE('',#837,#839,#429,.T.);
#1051=EDGE_CURVE('',#840,#839,#430,.T.);
#1052=EDGE_CURVE('',#838,#840,#431,.T.);
#1053=EDGE_CURVE('',#841,#842,#432,.T.);
#1054=EDGE_CURVE('',#838,#841,#433,.T.);
#1055=EDGE_CURVE('',#843,#840,#434,.T.);
#1056=EDGE_CURVE('',#842,#843,#435,.T.);
#1057=EDGE_CURVE('',#842,#844,#436,.T.);
#1058=EDGE_CURVE('',#845,#843,#437,.T.);
#1059=EDGE_CURVE('',#844,#845,#438,.T.);
#1060=EDGE_CURVE('',#839,#845,#439,.T.);
#1061=EDGE_CURVE('',#846,#841,#440,.T.);
#1062=EDGE_CURVE('',#846,#847,#441,.T.);
#1063=EDGE_CURVE('',#838,#847,#442,.T.);
#1064=EDGE_CURVE('',#844,#848,#443,.T.);
#1065=EDGE_CURVE('',#849,#848,#444,.T.);
#1066=EDGE_CURVE('',#849,#850,#445,.F.);
#1067=EDGE_CURVE('',#850,#851,#446,.F.);
#1068=EDGE_CURVE('',#851,#852,#447,.F.);
#1069=EDGE_CURVE('',#853,#852,#448,.T.);
#1070=EDGE_CURVE('',#853,#854,#449,.T.);
#1071=EDGE_CURVE('',#854,#855,#450,.T.);
#1072=EDGE_CURVE('',#855,#856,#451,.T.);
#1073=EDGE_CURVE('',#856,#857,#452,.T.);
#1074=EDGE_CURVE('',#857,#858,#453,.T.);
#1075=EDGE_CURVE('',#858,#859,#454,.T.);
#1076=EDGE_CURVE('',#859,#846,#455,.T.);
#1077=EDGE_CURVE('',#860,#861,#456,.T.);
#1078=EDGE_CURVE('',#861,#862,#457,.T.);
#1079=EDGE_CURVE('',#862,#863,#458,.T.);
#1080=EDGE_CURVE('',#863,#860,#459,.T.);
#1081=EDGE_CURVE('',#860,#864,#460,.T.);
#1082=EDGE_CURVE('',#865,#864,#461,.T.);
#1083=EDGE_CURVE('',#861,#865,#462,.T.);
#1084=EDGE_CURVE('',#866,#865,#463,.T.);
#1085=EDGE_CURVE('',#862,#866,#464,.T.);
#1086=EDGE_CURVE('',#867,#866,#465,.T.);
#1087=EDGE_CURVE('',#863,#867,#466,.T.);
#1088=EDGE_CURVE('',#864,#867,#467,.T.);
#1089=EDGE_CURVE('',#868,#869,#468,.T.);
#1090=EDGE_CURVE('',#868,#870,#469,.T.);
#1091=EDGE_CURVE('',#871,#870,#470,.T.);
#1092=EDGE_CURVE('',#869,#871,#471,.T.);
#1093=EDGE_CURVE('',#854,#872,#472,.T.);
#1094=EDGE_CURVE('',#873,#872,#473,.T.);
#1095=EDGE_CURVE('',#855,#873,#474,.T.);
#1096=EDGE_CURVE('',#870,#873,#475,.T.);
#1097=EDGE_CURVE('',#856,#868,#476,.T.);
#1098=EDGE_CURVE('',#872,#871,#477,.T.);
#1099=EDGE_CURVE('',#848,#874,#478,.T.);
#1100=EDGE_CURVE('',#874,#837,#479,.T.);
#1101=EDGE_CURVE('',#836,#875,#480,.T.);
#1102=EDGE_CURVE('',#835,#830,#481,.T.);
#1103=EDGE_CURVE('',#874,#829,#482,.T.);
#1104=EDGE_CURVE('',#847,#876,#483,.T.);
#1105=EDGE_CURVE('',#876,#877,#484,.T.);
#1106=EDGE_CURVE('',#877,#878,#485,.T.);
#1107=EDGE_CURVE('',#878,#868,#486,.T.);
#1108=EDGE_CURVE('',#869,#875,#487,.T.);
#1109=EDGE_CURVE('',#875,#853,#488,.T.);
#1110=EDGE_CURVE('',#857,#878,#489,.T.);
#1111=EDGE_CURVE('',#858,#877,#490,.T.);
#1112=EDGE_CURVE('',#859,#876,#491,.T.);
#1113=EDGE_CURVE('',#852,#879,#492,.T.);
#1114=EDGE_CURVE('',#880,#879,#493,.T.);
#1115=EDGE_CURVE('',#880,#849,#494,.F.);
#1116=EDGE_CURVE('',#813,#881,#495,.T.);
#1117=EDGE_CURVE('',#881,#881,#719,.T.);
#1118=EDGE_CURVE('',#882,#882,#720,.T.);
#1119=EDGE_CURVE('',#882,#883,#496,.T.);
#1120=EDGE_CURVE('',#883,#883,#721,.T.);
#1121=EDGE_CURVE('',#812,#884,#497,.T.);
#1122=EDGE_CURVE('',#884,#884,#722,.T.);
#1123=EDGE_CURVE('',#885,#885,#723,.T.);
#1124=EDGE_CURVE('',#885,#886,#498,.T.);
#1125=EDGE_CURVE('',#886,#886,#724,.T.);
#1126=EDGE_CURVE('',#811,#887,#499,.T.);
#1127=EDGE_CURVE('',#887,#887,#725,.T.);
#1128=EDGE_CURVE('',#888,#888,#726,.T.);
#1129=EDGE_CURVE('',#888,#889,#500,.T.);
#1130=EDGE_CURVE('',#889,#889,#727,.T.);
#1131=EDGE_CURVE('',#810,#890,#501,.T.);
#1132=EDGE_CURVE('',#890,#890,#728,.T.);
#1133=EDGE_CURVE('',#891,#891,#729,.T.);
#1134=EDGE_CURVE('',#891,#892,#502,.T.);
#1135=EDGE_CURVE('',#892,#892,#730,.T.);
#1136=EDGE_CURVE('',#809,#893,#503,.T.);
#1137=EDGE_CURVE('',#893,#893,#731,.T.);
#1138=EDGE_CURVE('',#894,#894,#732,.T.);
#1139=EDGE_CURVE('',#894,#895,#504,.T.);
#1140=EDGE_CURVE('',#895,#895,#733,.T.);
#1141=EDGE_CURVE('',#808,#896,#505,.T.);
#1142=EDGE_CURVE('',#896,#896,#734,.T.);
#1143=EDGE_CURVE('',#897,#897,#735,.T.);
#1144=EDGE_CURVE('',#897,#898,#506,.T.);
#1145=EDGE_CURVE('',#898,#898,#736,.T.);
#1146=EDGE_CURVE('',#807,#899,#507,.T.);
#1147=EDGE_CURVE('',#899,#899,#737,.T.);
#1148=EDGE_CURVE('',#900,#900,#738,.T.);
#1149=EDGE_CURVE('',#900,#901,#508,.T.);
#1150=EDGE_CURVE('',#901,#901,#739,.T.);
#1151=EDGE_CURVE('',#806,#902,#509,.T.);
#1152=EDGE_CURVE('',#902,#902,#740,.T.);
#1153=EDGE_CURVE('',#903,#903,#741,.T.);
#1154=EDGE_CURVE('',#903,#904,#510,.T.);
#1155=EDGE_CURVE('',#904,#904,#742,.T.);
#1156=EDGE_CURVE('',#905,#880,#511,.T.);
#1157=EDGE_CURVE('',#850,#905,#512,.T.);
#1158=EDGE_CURVE('',#879,#906,#513,.T.);
#1159=EDGE_CURVE('',#851,#906,#514,.F.);
#1160=EDGE_CURVE('',#906,#905,#515,.T.);
#1161=EDGE_CURVE('',#795,#792,#516,.T.);
#1162=ORIENTED_EDGE('',*,*,#907,.F.);
#1163=ORIENTED_EDGE('',*,*,#908,.T.);
#1164=ORIENTED_EDGE('',*,*,#909,.T.);
#1165=ORIENTED_EDGE('',*,*,#910,.F.);
#1166=ORIENTED_EDGE('',*,*,#911,.F.);
#1167=ORIENTED_EDGE('',*,*,#910,.T.);
#1168=ORIENTED_EDGE('',*,*,#912,.T.);
#1169=ORIENTED_EDGE('',*,*,#913,.F.);
#1170=ORIENTED_EDGE('',*,*,#914,.F.);
#1171=ORIENTED_EDGE('',*,*,#913,.T.);
#1172=ORIENTED_EDGE('',*,*,#915,.T.);
#1173=ORIENTED_EDGE('',*,*,#916,.F.);
#1174=ORIENTED_EDGE('',*,*,#917,.F.);
#1175=ORIENTED_EDGE('',*,*,#916,.T.);
#1176=ORIENTED_EDGE('',*,*,#918,.T.);
#1177=ORIENTED_EDGE('',*,*,#919,.F.);
#1178=ORIENTED_EDGE('',*,*,#920,.F.);
#1179=ORIENTED_EDGE('',*,*,#919,.T.);
#1180=ORIENTED_EDGE('',*,*,#921,.T.);
#1181=ORIENTED_EDGE('',*,*,#922,.F.);
#1182=ORIENTED_EDGE('',*,*,#923,.F.);
#1183=ORIENTED_EDGE('',*,*,#922,.T.);
#1184=ORIENTED_EDGE('',*,*,#924,.T.);
#1185=ORIENTED_EDGE('',*,*,#925,.F.);
#1186=ORIENTED_EDGE('',*,*,#926,.F.);
#1187=ORIENTED_EDGE('',*,*,#925,.T.);
#1188=ORIENTED_EDGE('',*,*,#927,.T.);
#1189=ORIENTED_EDGE('',*,*,#928,.F.);
#1190=ORIENTED_EDGE('',*,*,#929,.F.);
#1191=ORIENTED_EDGE('',*,*,#928,.T.);
#1192=ORIENTED_EDGE('',*,*,#930,.T.);
#1193=ORIENTED_EDGE('',*,*,#931,.F.);
#1194=ORIENTED_EDGE('',*,*,#932,.F.);
#1195=ORIENTED_EDGE('',*,*,#931,.T.);
#1196=ORIENTED_EDGE('',*,*,#933,.T.);
#1197=ORIENTED_EDGE('',*,*,#934,.F.);
#1198=ORIENTED_EDGE('',*,*,#935,.F.);
#1199=ORIENTED_EDGE('',*,*,#936,.T.);
#1200=ORIENTED_EDGE('',*,*,#937,.T.);
#1201=ORIENTED_EDGE('',*,*,#908,.F.);
#1202=ORIENTED_EDGE('',*,*,#938,.F.);
#1203=ORIENTED_EDGE('',*,*,#939,.T.);
#1204=ORIENTED_EDGE('',*,*,#940,.T.);
#1205=ORIENTED_EDGE('',*,*,#936,.F.);
#1206=ORIENTED_EDGE('',*,*,#941,.F.);
#1207=ORIENTED_EDGE('',*,*,#942,.T.);
#1208=ORIENTED_EDGE('',*,*,#943,.T.);
#1209=ORIENTED_EDGE('',*,*,#939,.F.);
#1210=ORIENTED_EDGE('',*,*,#944,.F.);
#1211=ORIENTED_EDGE('',*,*,#945,.T.);
#1212=ORIENTED_EDGE('',*,*,#946,.T.);
#1213=ORIENTED_EDGE('',*,*,#942,.F.);
#1214=ORIENTED_EDGE('',*,*,#947,.F.);
#1215=ORIENTED_EDGE('',*,*,#948,.T.);
#1216=ORIENTED_EDGE('',*,*,#949,.T.);
#1217=ORIENTED_EDGE('',*,*,#945,.F.);
#1218=ORIENTED_EDGE('',*,*,#950,.F.);
#1219=ORIENTED_EDGE('',*,*,#951,.T.);
#1220=ORIENTED_EDGE('',*,*,#952,.T.);
#1221=ORIENTED_EDGE('',*,*,#948,.F.);
#1222=ORIENTED_EDGE('',*,*,#953,.F.);
#1223=ORIENTED_EDGE('',*,*,#934,.T.);
#1224=ORIENTED_EDGE('',*,*,#954,.T.);
#1225=ORIENTED_EDGE('',*,*,#951,.F.);
#1226=ORIENTED_EDGE('',*,*,#954,.F.);
#1227=ORIENTED_EDGE('',*,*,#933,.F.);
#1228=ORIENTED_EDGE('',*,*,#930,.F.);
#1229=ORIENTED_EDGE('',*,*,#927,.F.);
#1230=ORIENTED_EDGE('',*,*,#924,.F.);
#1231=ORIENTED_EDGE('',*,*,#921,.F.);
#1232=ORIENTED_EDGE('',*,*,#918,.F.);
#1233=ORIENTED_EDGE('',*,*,#915,.F.);
#1234=ORIENTED_EDGE('',*,*,#912,.F.);
#1235=ORIENTED_EDGE('',*,*,#909,.F.);
#1236=ORIENTED_EDGE('',*,*,#937,.F.);
#1237=ORIENTED_EDGE('',*,*,#940,.F.);
#1238=ORIENTED_EDGE('',*,*,#943,.F.);
#1239=ORIENTED_EDGE('',*,*,#946,.F.);
#1240=ORIENTED_EDGE('',*,*,#949,.F.);
#1241=ORIENTED_EDGE('',*,*,#952,.F.);
#1242=ORIENTED_EDGE('',*,*,#955,.T.);
#1243=ORIENTED_EDGE('',*,*,#956,.F.);
#1244=ORIENTED_EDGE('',*,*,#957,.F.);
#1245=ORIENTED_EDGE('',*,*,#958,.F.);
#1246=ORIENTED_EDGE('',*,*,#959,.T.);
#1247=ORIENTED_EDGE('',*,*,#960,.F.);
#1248=ORIENTED_EDGE('',*,*,#961,.F.);
#1249=ORIENTED_EDGE('',*,*,#962,.F.);
#1250=ORIENTED_EDGE('',*,*,#963,.F.);
#1251=ORIENTED_EDGE('',*,*,#964,.F.);
#1252=ORIENTED_EDGE('',*,*,#965,.T.);
#1253=ORIENTED_EDGE('',*,*,#966,.F.);
#1254=ORIENTED_EDGE('',*,*,#967,.F.);
#1255=ORIENTED_EDGE('',*,*,#968,.F.);
#1256=ORIENTED_EDGE('',*,*,#969,.F.);
#1257=ORIENTED_EDGE('',*,*,#970,.T.);
#1258=ORIENTED_EDGE('',*,*,#971,.T.);
#1259=ORIENTED_EDGE('',*,*,#972,.T.);
#1260=ORIENTED_EDGE('',*,*,#968,.T.);
#1261=ORIENTED_EDGE('',*,*,#973,.T.);
#1262=ORIENTED_EDGE('',*,*,#969,.T.);
#1263=ORIENTED_EDGE('',*,*,#974,.T.);
#1264=ORIENTED_EDGE('',*,*,#960,.T.);
#1265=ORIENTED_EDGE('',*,*,#975,.T.);
#1266=ORIENTED_EDGE('',*,*,#964,.T.);
#1267=ORIENTED_EDGE('',*,*,#976,.T.);
#1268=ORIENTED_EDGE('',*,*,#967,.T.);
#1269=ORIENTED_EDGE('',*,*,#977,.T.);
#1270=ORIENTED_EDGE('',*,*,#958,.T.);
#1271=ORIENTED_EDGE('',*,*,#978,.T.);
#1272=ORIENTED_EDGE('',*,*,#966,.T.);
#1273=ORIENTED_EDGE('',*,*,#979,.T.);
#1274=ORIENTED_EDGE('',*,*,#980,.T.);
#1275=ORIENTED_EDGE('',*,*,#981,.T.);
#1276=ORIENTED_EDGE('',*,*,#963,.T.);
#1277=ORIENTED_EDGE('',*,*,#982,.T.);
#1278=ORIENTED_EDGE('',*,*,#983,.T.);
#1279=ORIENTED_EDGE('',*,*,#984,.T.);
#1280=ORIENTED_EDGE('',*,*,#961,.T.);
#1281=ORIENTED_EDGE('',*,*,#985,.T.);
#1282=ORIENTED_EDGE('',*,*,#986,.T.);
#1283=ORIENTED_EDGE('',*,*,#987,.T.);
#1284=ORIENTED_EDGE('',*,*,#956,.T.);
#1285=ORIENTED_EDGE('',*,*,#988,.T.);
#1286=ORIENTED_EDGE('',*,*,#962,.T.);
#1287=ORIENTED_EDGE('',*,*,#989,.T.);
#1288=ORIENTED_EDGE('',*,*,#990,.T.);
#1289=ORIENTED_EDGE('',*,*,#991,.T.);
#1290=ORIENTED_EDGE('',*,*,#992,.T.);
#1291=ORIENTED_EDGE('',*,*,#993,.T.);
#1292=ORIENTED_EDGE('',*,*,#957,.T.);
#1293=ORIENTED_EDGE('',*,*,#994,.T.);
#1294=ORIENTED_EDGE('',*,*,#973,.F.);
#1295=ORIENTED_EDGE('',*,*,#976,.F.);
#1296=ORIENTED_EDGE('',*,*,#981,.F.);
#1297=ORIENTED_EDGE('',*,*,#995,.F.);
#1298=ORIENTED_EDGE('',*,*,#982,.F.);
#1299=ORIENTED_EDGE('',*,*,#978,.F.);
#1300=ORIENTED_EDGE('',*,*,#993,.F.);
#1301=ORIENTED_EDGE('',*,*,#996,.F.);
#1302=ORIENTED_EDGE('',*,*,#986,.F.);
#1303=ORIENTED_EDGE('',*,*,#997,.T.);
#1304=ORIENTED_EDGE('',*,*,#998,.T.);
#1305=ORIENTED_EDGE('',*,*,#999,.F.);
#1306=ORIENTED_EDGE('',*,*,#1000,.T.);
#1307=ORIENTED_EDGE('',*,*,#970,.F.);
#1308=ORIENTED_EDGE('',*,*,#975,.F.);
#1309=ORIENTED_EDGE('',*,*,#959,.F.);
#1310=ORIENTED_EDGE('',*,*,#988,.F.);
#1311=ORIENTED_EDGE('',*,*,#955,.F.);
#1312=ORIENTED_EDGE('',*,*,#979,.F.);
#1313=ORIENTED_EDGE('',*,*,#965,.F.);
#1314=ORIENTED_EDGE('',*,*,#977,.F.);
#1315=ORIENTED_EDGE('',*,*,#932,.T.);
#1316=ORIENTED_EDGE('',*,*,#953,.T.);
#1317=ORIENTED_EDGE('',*,*,#950,.T.);
#1318=ORIENTED_EDGE('',*,*,#947,.T.);
#1319=ORIENTED_EDGE('',*,*,#944,.T.);
#1320=ORIENTED_EDGE('',*,*,#941,.T.);
#1321=ORIENTED_EDGE('',*,*,#938,.T.);
#1322=ORIENTED_EDGE('',*,*,#935,.T.);
#1323=ORIENTED_EDGE('',*,*,#907,.T.);
#1324=ORIENTED_EDGE('',*,*,#911,.T.);
#1325=ORIENTED_EDGE('',*,*,#914,.T.);
#1326=ORIENTED_EDGE('',*,*,#917,.T.);
#1327=ORIENTED_EDGE('',*,*,#920,.T.);
#1328=ORIENTED_EDGE('',*,*,#923,.T.);
#1329=ORIENTED_EDGE('',*,*,#926,.T.);
#1330=ORIENTED_EDGE('',*,*,#929,.T.);
#1331=ORIENTED_EDGE('',*,*,#1001,.T.);
#1332=ORIENTED_EDGE('',*,*,#1002,.T.);
#1333=ORIENTED_EDGE('',*,*,#1003,.T.);
#1334=ORIENTED_EDGE('',*,*,#1004,.T.);
#1335=ORIENTED_EDGE('',*,*,#1005,.T.);
#1336=ORIENTED_EDGE('',*,*,#1006,.T.);
#1337=ORIENTED_EDGE('',*,*,#1007,.T.);
#1338=ORIENTED_EDGE('',*,*,#1008,.T.);
#1339=ORIENTED_EDGE('',*,*,#1009,.T.);
#1340=ORIENTED_EDGE('',*,*,#1010,.T.);
#1341=ORIENTED_EDGE('',*,*,#1011,.T.);
#1342=ORIENTED_EDGE('',*,*,#1012,.T.);
#1343=ORIENTED_EDGE('',*,*,#1013,.T.);
#1344=ORIENTED_EDGE('',*,*,#1014,.T.);
#1345=ORIENTED_EDGE('',*,*,#1011,.F.);
#1346=ORIENTED_EDGE('',*,*,#1015,.T.);
#1347=ORIENTED_EDGE('',*,*,#1016,.T.);
#1348=ORIENTED_EDGE('',*,*,#1017,.T.);
#1349=ORIENTED_EDGE('',*,*,#1013,.F.);
#1350=ORIENTED_EDGE('',*,*,#1018,.T.);
#1351=ORIENTED_EDGE('',*,*,#999,.T.);
#1352=ORIENTED_EDGE('',*,*,#1019,.T.);
#1353=ORIENTED_EDGE('',*,*,#1016,.F.);
#1354=ORIENTED_EDGE('',*,*,#1020,.T.);
#1355=ORIENTED_EDGE('',*,*,#991,.F.);
#1356=ORIENTED_EDGE('',*,*,#1021,.T.);
#1357=ORIENTED_EDGE('',*,*,#1022,.T.);
#1358=ORIENTED_EDGE('',*,*,#997,.F.);
#1359=ORIENTED_EDGE('',*,*,#990,.F.);
#1360=ORIENTED_EDGE('',*,*,#1023,.T.);
#1361=ORIENTED_EDGE('',*,*,#1024,.T.);
#1362=ORIENTED_EDGE('',*,*,#1025,.T.);
#1363=ORIENTED_EDGE('',*,*,#1021,.F.);
#1364=ORIENTED_EDGE('',*,*,#1024,.F.);
#1365=ORIENTED_EDGE('',*,*,#1026,.T.);
#1366=ORIENTED_EDGE('',*,*,#1009,.F.);
#1367=ORIENTED_EDGE('',*,*,#1027,.T.);
#1368=ORIENTED_EDGE('',*,*,#1022,.F.);
#1369=ORIENTED_EDGE('',*,*,#1028,.F.);
#1370=ORIENTED_EDGE('',*,*,#1029,.T.);
#1371=ORIENTED_EDGE('',*,*,#1030,.F.);
#1372=ORIENTED_EDGE('',*,*,#1025,.F.);
#1373=ORIENTED_EDGE('',*,*,#1031,.T.);
#1374=ORIENTED_EDGE('',*,*,#1032,.F.);
#1375=ORIENTED_EDGE('',*,*,#1028,.T.);
#1376=ORIENTED_EDGE('',*,*,#1027,.F.);
#1377=ORIENTED_EDGE('',*,*,#1033,.F.);
#1378=ORIENTED_EDGE('',*,*,#1034,.F.);
#1379=ORIENTED_EDGE('',*,*,#1035,.T.);
#1380=ORIENTED_EDGE('',*,*,#1036,.T.);
#1381=ORIENTED_EDGE('',*,*,#1031,.F.);
#1382=ORIENTED_EDGE('',*,*,#1012,.F.);
#1383=ORIENTED_EDGE('',*,*,#1037,.T.);
#1384=ORIENTED_EDGE('',*,*,#1038,.T.);
#1385=ORIENTED_EDGE('',*,*,#1033,.T.);
#1386=ORIENTED_EDGE('',*,*,#984,.F.);
#1387=ORIENTED_EDGE('',*,*,#1039,.F.);
#1388=ORIENTED_EDGE('',*,*,#994,.F.);
#1389=ORIENTED_EDGE('',*,*,#987,.F.);
#1390=ORIENTED_EDGE('',*,*,#1000,.F.);
#1391=ORIENTED_EDGE('',*,*,#1020,.F.);
#1392=ORIENTED_EDGE('',*,*,#1018,.F.);
#1393=ORIENTED_EDGE('',*,*,#1015,.F.);
#1394=ORIENTED_EDGE('',*,*,#1010,.F.);
#1395=ORIENTED_EDGE('',*,*,#1026,.F.);
#1396=ORIENTED_EDGE('',*,*,#1023,.F.);
#1397=ORIENTED_EDGE('',*,*,#989,.F.);
#1398=ORIENTED_EDGE('',*,*,#1017,.F.);
#1399=ORIENTED_EDGE('',*,*,#1040,.T.);
#1400=ORIENTED_EDGE('',*,*,#1041,.T.);
#1401=ORIENTED_EDGE('',*,*,#1042,.T.);
#1402=ORIENTED_EDGE('',*,*,#1014,.F.);
#1403=ORIENTED_EDGE('',*,*,#1042,.F.);
#1404=ORIENTED_EDGE('',*,*,#1043,.F.);
#1405=ORIENTED_EDGE('',*,*,#1037,.F.);
#1406=ORIENTED_EDGE('',*,*,#998,.F.);
#1407=ORIENTED_EDGE('',*,*,#1030,.T.);
#1408=ORIENTED_EDGE('',*,*,#1044,.F.);
#1409=ORIENTED_EDGE('',*,*,#1045,.T.);
#1410=ORIENTED_EDGE('',*,*,#1019,.F.);
#1411=ORIENTED_EDGE('',*,*,#1045,.F.);
#1412=ORIENTED_EDGE('',*,*,#1046,.T.);
#1413=ORIENTED_EDGE('',*,*,#1047,.T.);
#1414=ORIENTED_EDGE('',*,*,#1048,.F.);
#1415=ORIENTED_EDGE('',*,*,#1040,.F.);
#1416=ORIENTED_EDGE('',*,*,#1049,.F.);
#1417=ORIENTED_EDGE('',*,*,#1050,.T.);
#1418=ORIENTED_EDGE('',*,*,#1051,.F.);
#1419=ORIENTED_EDGE('',*,*,#1052,.F.);
#1420=ORIENTED_EDGE('',*,*,#1053,.F.);
#1421=ORIENTED_EDGE('',*,*,#1054,.F.);
#1422=ORIENTED_EDGE('',*,*,#1052,.T.);
#1423=ORIENTED_EDGE('',*,*,#1055,.F.);
#1424=ORIENTED_EDGE('',*,*,#1056,.F.);
#1425=ORIENTED_EDGE('',*,*,#1057,.F.);
#1426=ORIENTED_EDGE('',*,*,#1056,.T.);
#1427=ORIENTED_EDGE('',*,*,#1058,.F.);
#1428=ORIENTED_EDGE('',*,*,#1059,.F.);
#1429=ORIENTED_EDGE('',*,*,#1060,.T.);
#1430=ORIENTED_EDGE('',*,*,#1058,.T.);
#1431=ORIENTED_EDGE('',*,*,#1055,.T.);
#1432=ORIENTED_EDGE('',*,*,#1051,.T.);
#1433=ORIENTED_EDGE('',*,*,#1054,.T.);
#1434=ORIENTED_EDGE('',*,*,#1061,.F.);
#1435=ORIENTED_EDGE('',*,*,#1062,.T.);
#1436=ORIENTED_EDGE('',*,*,#1063,.F.);
#1437=ORIENTED_EDGE('',*,*,#1053,.T.);
#1438=ORIENTED_EDGE('',*,*,#1057,.T.);
#1439=ORIENTED_EDGE('',*,*,#1064,.T.);
#1440=ORIENTED_EDGE('',*,*,#1065,.F.);
#1441=ORIENTED_EDGE('',*,*,#1066,.T.);
#1442=ORIENTED_EDGE('',*,*,#1067,.T.);
#1443=ORIENTED_EDGE('',*,*,#1068,.T.);
#1444=ORIENTED_EDGE('',*,*,#1069,.F.);
#1445=ORIENTED_EDGE('',*,*,#1070,.T.);
#1446=ORIENTED_EDGE('',*,*,#1071,.T.);
#1447=ORIENTED_EDGE('',*,*,#1072,.T.);
#1448=ORIENTED_EDGE('',*,*,#1073,.T.);
#1449=ORIENTED_EDGE('',*,*,#1074,.T.);
#1450=ORIENTED_EDGE('',*,*,#1075,.T.);
#1451=ORIENTED_EDGE('',*,*,#1076,.T.);
#1452=ORIENTED_EDGE('',*,*,#1061,.T.);
#1453=ORIENTED_EDGE('',*,*,#1077,.T.);
#1454=ORIENTED_EDGE('',*,*,#1078,.T.);
#1455=ORIENTED_EDGE('',*,*,#1079,.T.);
#1456=ORIENTED_EDGE('',*,*,#1080,.T.);
#1457=ORIENTED_EDGE('',*,*,#1077,.F.);
#1458=ORIENTED_EDGE('',*,*,#1081,.T.);
#1459=ORIENTED_EDGE('',*,*,#1082,.F.);
#1460=ORIENTED_EDGE('',*,*,#1083,.F.);
#1461=ORIENTED_EDGE('',*,*,#1078,.F.);
#1462=ORIENTED_EDGE('',*,*,#1083,.T.);
#1463=ORIENTED_EDGE('',*,*,#1084,.F.);
#1464=ORIENTED_EDGE('',*,*,#1085,.F.);
#1465=ORIENTED_EDGE('',*,*,#1079,.F.);
#1466=ORIENTED_EDGE('',*,*,#1085,.T.);
#1467=ORIENTED_EDGE('',*,*,#1086,.F.);
#1468=ORIENTED_EDGE('',*,*,#1087,.F.);
#1469=ORIENTED_EDGE('',*,*,#1080,.F.);
#1470=ORIENTED_EDGE('',*,*,#1087,.T.);
#1471=ORIENTED_EDGE('',*,*,#1088,.F.);
#1472=ORIENTED_EDGE('',*,*,#1081,.F.);
#1473=ORIENTED_EDGE('',*,*,#1088,.T.);
#1474=ORIENTED_EDGE('',*,*,#1086,.T.);
#1475=ORIENTED_EDGE('',*,*,#1084,.T.);
#1476=ORIENTED_EDGE('',*,*,#1082,.T.);
#1477=ORIENTED_EDGE('',*,*,#1089,.F.);
#1478=ORIENTED_EDGE('',*,*,#1090,.T.);
#1479=ORIENTED_EDGE('',*,*,#1091,.F.);
#1480=ORIENTED_EDGE('',*,*,#1092,.F.);
#1481=ORIENTED_EDGE('',*,*,#1071,.F.);
#1482=ORIENTED_EDGE('',*,*,#1093,.T.);
#1483=ORIENTED_EDGE('',*,*,#1094,.F.);
#1484=ORIENTED_EDGE('',*,*,#1095,.F.);
#1485=ORIENTED_EDGE('',*,*,#1072,.F.);
#1486=ORIENTED_EDGE('',*,*,#1095,.T.);
#1487=ORIENTED_EDGE('',*,*,#1096,.F.);
#1488=ORIENTED_EDGE('',*,*,#1090,.F.);
#1489=ORIENTED_EDGE('',*,*,#1097,.F.);
#1490=ORIENTED_EDGE('',*,*,#1098,.T.);
#1491=ORIENTED_EDGE('',*,*,#1091,.T.);
#1492=ORIENTED_EDGE('',*,*,#1096,.T.);
#1493=ORIENTED_EDGE('',*,*,#1094,.T.);
#1494=ORIENTED_EDGE('',*,*,#1099,.F.);
#1495=ORIENTED_EDGE('',*,*,#1064,.F.);
#1496=ORIENTED_EDGE('',*,*,#1059,.T.);
#1497=ORIENTED_EDGE('',*,*,#1060,.F.);
#1498=ORIENTED_EDGE('',*,*,#1050,.F.);
#1499=ORIENTED_EDGE('',*,*,#1100,.F.);
#1500=ORIENTED_EDGE('',*,*,#1101,.F.);
#1501=ORIENTED_EDGE('',*,*,#1047,.F.);
#1502=ORIENTED_EDGE('',*,*,#1102,.T.);
#1503=ORIENTED_EDGE('',*,*,#1035,.F.);
#1504=ORIENTED_EDGE('',*,*,#1103,.F.);
#1505=ORIENTED_EDGE('',*,*,#1100,.T.);
#1506=ORIENTED_EDGE('',*,*,#1049,.T.);
#1507=ORIENTED_EDGE('',*,*,#1063,.T.);
#1508=ORIENTED_EDGE('',*,*,#1104,.T.);
#1509=ORIENTED_EDGE('',*,*,#1105,.T.);
#1510=ORIENTED_EDGE('',*,*,#1106,.T.);
#1511=ORIENTED_EDGE('',*,*,#1107,.T.);
#1512=ORIENTED_EDGE('',*,*,#1089,.T.);
#1513=ORIENTED_EDGE('',*,*,#1108,.T.);
#1514=ORIENTED_EDGE('',*,*,#1032,.T.);
#1515=ORIENTED_EDGE('',*,*,#1036,.F.);
#1516=ORIENTED_EDGE('',*,*,#1102,.F.);
#1517=ORIENTED_EDGE('',*,*,#1046,.F.);
#1518=ORIENTED_EDGE('',*,*,#1044,.T.);
#1519=ORIENTED_EDGE('',*,*,#1029,.F.);
#1520=ORIENTED_EDGE('',*,*,#1109,.F.);
#1521=ORIENTED_EDGE('',*,*,#1108,.F.);
#1522=ORIENTED_EDGE('',*,*,#1092,.T.);
#1523=ORIENTED_EDGE('',*,*,#1098,.F.);
#1524=ORIENTED_EDGE('',*,*,#1093,.F.);
#1525=ORIENTED_EDGE('',*,*,#1070,.F.);
#1526=ORIENTED_EDGE('',*,*,#1097,.T.);
#1527=ORIENTED_EDGE('',*,*,#1107,.F.);
#1528=ORIENTED_EDGE('',*,*,#1110,.F.);
#1529=ORIENTED_EDGE('',*,*,#1073,.F.);
#1530=ORIENTED_EDGE('',*,*,#1074,.F.);
#1531=ORIENTED_EDGE('',*,*,#1110,.T.);
#1532=ORIENTED_EDGE('',*,*,#1106,.F.);
#1533=ORIENTED_EDGE('',*,*,#1111,.F.);
#1534=ORIENTED_EDGE('',*,*,#1075,.F.);
#1535=ORIENTED_EDGE('',*,*,#1111,.T.);
#1536=ORIENTED_EDGE('',*,*,#1105,.F.);
#1537=ORIENTED_EDGE('',*,*,#1112,.F.);
#1538=ORIENTED_EDGE('',*,*,#1076,.F.);
#1539=ORIENTED_EDGE('',*,*,#1112,.T.);
#1540=ORIENTED_EDGE('',*,*,#1104,.F.);
#1541=ORIENTED_EDGE('',*,*,#1062,.F.);
#1542=ORIENTED_EDGE('',*,*,#1101,.T.);
#1543=ORIENTED_EDGE('',*,*,#1109,.T.);
#1544=ORIENTED_EDGE('',*,*,#1069,.T.);
#1545=ORIENTED_EDGE('',*,*,#1113,.T.);
#1546=ORIENTED_EDGE('',*,*,#1114,.F.);
#1547=ORIENTED_EDGE('',*,*,#1115,.T.);
#1548=ORIENTED_EDGE('',*,*,#1065,.T.);
#1549=ORIENTED_EDGE('',*,*,#1099,.T.);
#1550=ORIENTED_EDGE('',*,*,#1103,.T.);
#1551=ORIENTED_EDGE('',*,*,#1034,.T.);
#1552=ORIENTED_EDGE('',*,*,#1038,.F.);
#1553=ORIENTED_EDGE('',*,*,#1043,.T.);
#1554=ORIENTED_EDGE('',*,*,#1041,.F.);
#1555=ORIENTED_EDGE('',*,*,#1048,.T.);
#1556=ORIENTED_EDGE('',*,*,#1008,.F.);
#1557=ORIENTED_EDGE('',*,*,#1116,.T.);
#1558=ORIENTED_EDGE('',*,*,#1117,.T.);
#1559=ORIENTED_EDGE('',*,*,#1116,.F.);
#1560=ORIENTED_EDGE('',*,*,#1117,.F.);
#1561=ORIENTED_EDGE('',*,*,#1118,.T.);
#1562=ORIENTED_EDGE('',*,*,#1118,.F.);
#1563=ORIENTED_EDGE('',*,*,#1119,.T.);
#1564=ORIENTED_EDGE('',*,*,#1120,.F.);
#1565=ORIENTED_EDGE('',*,*,#1119,.F.);
#1566=ORIENTED_EDGE('',*,*,#1007,.F.);
#1567=ORIENTED_EDGE('',*,*,#1121,.T.);
#1568=ORIENTED_EDGE('',*,*,#1122,.T.);
#1569=ORIENTED_EDGE('',*,*,#1121,.F.);
#1570=ORIENTED_EDGE('',*,*,#1122,.F.);
#1571=ORIENTED_EDGE('',*,*,#1123,.T.);
#1572=ORIENTED_EDGE('',*,*,#1123,.F.);
#1573=ORIENTED_EDGE('',*,*,#1124,.T.);
#1574=ORIENTED_EDGE('',*,*,#1125,.F.);
#1575=ORIENTED_EDGE('',*,*,#1124,.F.);
#1576=ORIENTED_EDGE('',*,*,#1006,.F.);
#1577=ORIENTED_EDGE('',*,*,#1126,.T.);
#1578=ORIENTED_EDGE('',*,*,#1127,.T.);
#1579=ORIENTED_EDGE('',*,*,#1126,.F.);
#1580=ORIENTED_EDGE('',*,*,#1127,.F.);
#1581=ORIENTED_EDGE('',*,*,#1128,.T.);
#1582=ORIENTED_EDGE('',*,*,#1128,.F.);
#1583=ORIENTED_EDGE('',*,*,#1129,.T.);
#1584=ORIENTED_EDGE('',*,*,#1130,.F.);
#1585=ORIENTED_EDGE('',*,*,#1129,.F.);
#1586=ORIENTED_EDGE('',*,*,#1005,.F.);
#1587=ORIENTED_EDGE('',*,*,#1131,.T.);
#1588=ORIENTED_EDGE('',*,*,#1132,.T.);
#1589=ORIENTED_EDGE('',*,*,#1131,.F.);
#1590=ORIENTED_EDGE('',*,*,#1132,.F.);
#1591=ORIENTED_EDGE('',*,*,#1133,.T.);
#1592=ORIENTED_EDGE('',*,*,#1133,.F.);
#1593=ORIENTED_EDGE('',*,*,#1134,.T.);
#1594=ORIENTED_EDGE('',*,*,#1135,.F.);
#1595=ORIENTED_EDGE('',*,*,#1134,.F.);
#1596=ORIENTED_EDGE('',*,*,#1004,.F.);
#1597=ORIENTED_EDGE('',*,*,#1136,.T.);
#1598=ORIENTED_EDGE('',*,*,#1137,.T.);
#1599=ORIENTED_EDGE('',*,*,#1136,.F.);
#1600=ORIENTED_EDGE('',*,*,#1137,.F.);
#1601=ORIENTED_EDGE('',*,*,#1138,.T.);
#1602=ORIENTED_EDGE('',*,*,#1138,.F.);
#1603=ORIENTED_EDGE('',*,*,#1139,.T.);
#1604=ORIENTED_EDGE('',*,*,#1140,.F.);
#1605=ORIENTED_EDGE('',*,*,#1139,.F.);
#1606=ORIENTED_EDGE('',*,*,#1003,.F.);
#1607=ORIENTED_EDGE('',*,*,#1141,.T.);
#1608=ORIENTED_EDGE('',*,*,#1142,.T.);
#1609=ORIENTED_EDGE('',*,*,#1141,.F.);
#1610=ORIENTED_EDGE('',*,*,#1142,.F.);
#1611=ORIENTED_EDGE('',*,*,#1143,.T.);
#1612=ORIENTED_EDGE('',*,*,#1143,.F.);
#1613=ORIENTED_EDGE('',*,*,#1144,.T.);
#1614=ORIENTED_EDGE('',*,*,#1145,.F.);
#1615=ORIENTED_EDGE('',*,*,#1144,.F.);
#1616=ORIENTED_EDGE('',*,*,#1002,.F.);
#1617=ORIENTED_EDGE('',*,*,#1146,.T.);
#1618=ORIENTED_EDGE('',*,*,#1147,.T.);
#1619=ORIENTED_EDGE('',*,*,#1146,.F.);
#1620=ORIENTED_EDGE('',*,*,#1147,.F.);
#1621=ORIENTED_EDGE('',*,*,#1148,.T.);
#1622=ORIENTED_EDGE('',*,*,#1148,.F.);
#1623=ORIENTED_EDGE('',*,*,#1149,.T.);
#1624=ORIENTED_EDGE('',*,*,#1150,.F.);
#1625=ORIENTED_EDGE('',*,*,#1149,.F.);
#1626=ORIENTED_EDGE('',*,*,#1001,.F.);
#1627=ORIENTED_EDGE('',*,*,#1151,.T.);
#1628=ORIENTED_EDGE('',*,*,#1152,.T.);
#1629=ORIENTED_EDGE('',*,*,#1151,.F.);
#1630=ORIENTED_EDGE('',*,*,#1152,.F.);
#1631=ORIENTED_EDGE('',*,*,#1153,.T.);
#1632=ORIENTED_EDGE('',*,*,#1153,.F.);
#1633=ORIENTED_EDGE('',*,*,#1154,.T.);
#1634=ORIENTED_EDGE('',*,*,#1155,.F.);
#1635=ORIENTED_EDGE('',*,*,#1154,.F.);
#1636=ORIENTED_EDGE('',*,*,#1156,.F.);
#1637=ORIENTED_EDGE('',*,*,#1157,.F.);
#1638=ORIENTED_EDGE('',*,*,#1066,.F.);
#1639=ORIENTED_EDGE('',*,*,#1115,.F.);
#1640=ORIENTED_EDGE('',*,*,#1158,.F.);
#1641=ORIENTED_EDGE('',*,*,#1113,.F.);
#1642=ORIENTED_EDGE('',*,*,#1068,.F.);
#1643=ORIENTED_EDGE('',*,*,#1159,.T.);
#1644=ORIENTED_EDGE('',*,*,#1160,.F.);
#1645=ORIENTED_EDGE('',*,*,#1159,.F.);
#1646=ORIENTED_EDGE('',*,*,#1067,.F.);
#1647=ORIENTED_EDGE('',*,*,#1157,.T.);
#1648=ORIENTED_EDGE('',*,*,#972,.F.);
#1649=ORIENTED_EDGE('',*,*,#1161,.F.);
#1650=ORIENTED_EDGE('',*,*,#985,.F.);
#1651=ORIENTED_EDGE('',*,*,#974,.F.);
#1652=ORIENTED_EDGE('',*,*,#971,.F.);
#1653=ORIENTED_EDGE('',*,*,#995,.T.);
#1654=ORIENTED_EDGE('',*,*,#980,.F.);
#1655=ORIENTED_EDGE('',*,*,#996,.T.);
#1656=ORIENTED_EDGE('',*,*,#992,.F.);
#1657=ORIENTED_EDGE('',*,*,#1039,.T.);
#1658=ORIENTED_EDGE('',*,*,#983,.F.);
#1659=ORIENTED_EDGE('',*,*,#1161,.T.);
#1660=ORIENTED_EDGE('',*,*,#1120,.T.);
#1661=ORIENTED_EDGE('',*,*,#1125,.T.);
#1662=ORIENTED_EDGE('',*,*,#1130,.T.);
#1663=ORIENTED_EDGE('',*,*,#1135,.T.);
#1664=ORIENTED_EDGE('',*,*,#1140,.T.);
#1665=ORIENTED_EDGE('',*,*,#1145,.T.);
#1666=ORIENTED_EDGE('',*,*,#1150,.T.);
#1667=ORIENTED_EDGE('',*,*,#1155,.T.);
#1668=ORIENTED_EDGE('',*,*,#1158,.T.);
#1669=ORIENTED_EDGE('',*,*,#1160,.T.);
#1670=ORIENTED_EDGE('',*,*,#1156,.T.);
#1671=ORIENTED_EDGE('',*,*,#1114,.T.);
#1672=CYLINDRICAL_SURFACE('',#1832,5.62500000005902);
#1673=CYLINDRICAL_SURFACE('',#1835,2.25000000000005);
#1674=CYLINDRICAL_SURFACE('',#1838,3.37500000000262);
#1675=CYLINDRICAL_SURFACE('',#1842,5.80276905705991);
#1676=CYLINDRICAL_SURFACE('',#1845,1.12500000002764);
#1677=CYLINDRICAL_SURFACE('',#1848,7.7214885761763);
#1678=CYLINDRICAL_SURFACE('',#1852,5.62499999999149);
#1679=CYLINDRICAL_SURFACE('',#1856,7.72148857621671);
#1680=CYLINDRICAL_SURFACE('',#1859,1.1250000001266);
#1681=CYLINDRICAL_SURFACE('',#1862,5.80276910661154);
#1682=CYLINDRICAL_SURFACE('',#1866,3.37499999998418);
#1683=CYLINDRICAL_SURFACE('',#1869,2.24999999999996);
#1684=CYLINDRICAL_SURFACE('',#1889,2.4);
#1685=CYLINDRICAL_SURFACE('',#1891,1.2);
#1686=CYLINDRICAL_SURFACE('',#1892,1.2);
#1687=CYLINDRICAL_SURFACE('',#1893,1.2);
#1688=CYLINDRICAL_SURFACE('',#1894,2.4);
#1689=CYLINDRICAL_SURFACE('',#1896,2.4);
#1690=CYLINDRICAL_SURFACE('',#1898,1.2);
#1691=CYLINDRICAL_SURFACE('',#1899,2.4);
#1692=CYLINDRICAL_SURFACE('',#1920,1.);
#1693=CYLINDRICAL_SURFACE('',#1925,1.);
#1694=CYLINDRICAL_SURFACE('',#1926,1.);
#1695=CYLINDRICAL_SURFACE('',#1931,1.);
#1696=CYLINDRICAL_SURFACE('',#1933,1.);
#1697=CYLINDRICAL_SURFACE('',#1936,1.);
#1698=CYLINDRICAL_SURFACE('',#1939,1.);
#1699=CYLINDRICAL_SURFACE('',#1942,1.);
#1700=CYLINDRICAL_SURFACE('',#1969,1.99999999999999);
#1701=CYLINDRICAL_SURFACE('',#1973,1.15000000000002);
#1702=CYLINDRICAL_SURFACE('',#1975,1.99999999999999);
#1703=CYLINDRICAL_SURFACE('',#1979,1.14999999999998);
#1704=CYLINDRICAL_SURFACE('',#1981,1.99999999999999);
#1705=CYLINDRICAL_SURFACE('',#1985,1.14999999999998);
#1706=CYLINDRICAL_SURFACE('',#1987,1.99999999999999);
#1707=CYLINDRICAL_SURFACE('',#1991,1.15);
#1708=CYLINDRICAL_SURFACE('',#1993,1.99999999999999);
#1709=CYLINDRICAL_SURFACE('',#1997,1.14999999999998);
#1710=CYLINDRICAL_SURFACE('',#1999,1.99999999999999);
#1711=CYLINDRICAL_SURFACE('',#2003,1.15);
#1712=CYLINDRICAL_SURFACE('',#2005,2.);
#1713=CYLINDRICAL_SURFACE('',#2009,1.15);
#1714=CYLINDRICAL_SURFACE('',#2011,1.99999999999999);
#1715=CYLINDRICAL_SURFACE('',#2015,1.15);
#1716=ADVANCED_FACE('',(#129),#1672,.F.);
#1717=ADVANCED_FACE('',(#130),#1673,.F.);
#1718=ADVANCED_FACE('',(#131),#1674,.T.);
#1719=ADVANCED_FACE('',(#132),#79,.F.);
#1720=ADVANCED_FACE('',(#133),#1675,.T.);
#1721=ADVANCED_FACE('',(#134),#1676,.F.);
#1722=ADVANCED_FACE('',(#135),#1677,.F.);
#1723=ADVANCED_FACE('',(#136),#80,.F.);
#1724=ADVANCED_FACE('',(#137),#1678,.F.);
#1725=ADVANCED_FACE('',(#138),#81,.F.);
#1726=ADVANCED_FACE('',(#139),#1679,.F.);
#1727=ADVANCED_FACE('',(#140),#1680,.F.);
#1728=ADVANCED_FACE('',(#141),#1681,.T.);
#1729=ADVANCED_FACE('',(#142),#82,.F.);
#1730=ADVANCED_FACE('',(#143),#1682,.T.);
#1731=ADVANCED_FACE('',(#144),#1683,.F.);
#1732=ADVANCED_FACE('',(#145),#83,.T.);
#1733=ADVANCED_FACE('',(#146),#71,.F.);
#1734=ADVANCED_FACE('',(#147),#72,.F.);
#1735=ADVANCED_FACE('',(#148),#73,.F.);
#1736=ADVANCED_FACE('',(#149),#74,.F.);
#1737=ADVANCED_FACE('',(#150),#1684,.T.);
#1738=ADVANCED_FACE('',(#151),#1685,.T.);
#1739=ADVANCED_FACE('',(#152),#1686,.T.);
#1740=ADVANCED_FACE('',(#153),#1687,.T.);
#1741=ADVANCED_FACE('',(#154),#1688,.T.);
#1742=ADVANCED_FACE('',(#155),#1689,.T.);
#1743=ADVANCED_FACE('',(#156),#1690,.T.);
#1744=ADVANCED_FACE('',(#157),#1691,.T.);
#1745=ADVANCED_FACE('',(#158),#84,.T.);
#1746=ADVANCED_FACE('',(#159),#85,.T.);
#1747=ADVANCED_FACE('',(#160),#75,.F.);
#1748=ADVANCED_FACE('',(#161,#15,#16,#17,#18,#19,#20,#21,#22,#23),#86,.F.);
#1749=ADVANCED_FACE('',(#162),#76,.F.);
#1750=ADVANCED_FACE('',(#163),#1692,.T.);
#1751=ADVANCED_FACE('',(#164),#77,.F.);
#1752=ADVANCED_FACE('',(#165),#1693,.T.);
#1753=ADVANCED_FACE('',(#166),#1694,.T.);
#1754=ADVANCED_FACE('',(#167),#78,.F.);
#1755=ADVANCED_FACE('',(#168),#1695,.T.);
#1756=ADVANCED_FACE('',(#169),#87,.T.);
#1757=ADVANCED_FACE('',(#170),#1696,.F.);
#1758=ADVANCED_FACE('',(#171),#88,.F.);
#1759=ADVANCED_FACE('',(#172),#1697,.F.);
#1760=ADVANCED_FACE('',(#173),#89,.T.);
#1761=ADVANCED_FACE('',(#174),#1698,.F.);
#1762=ADVANCED_FACE('',(#175),#90,.F.);
#1763=ADVANCED_FACE('',(#176),#1699,.F.);
#1764=ADVANCED_FACE('',(#177),#91,.F.);
#1765=ADVANCED_FACE('',(#178),#92,.T.);
#1766=ADVANCED_FACE('',(#179),#93,.T.);
#1767=ADVANCED_FACE('',(#180),#94,.T.);
#1768=ADVANCED_FACE('',(#181),#95,.T.);
#1769=ADVANCED_FACE('',(#182),#96,.T.);
#1770=ADVANCED_FACE('',(#183,#24),#97,.T.);
#1771=ADVANCED_FACE('',(#184),#98,.T.);
#1772=ADVANCED_FACE('',(#185),#99,.T.);
#1773=ADVANCED_FACE('',(#186),#100,.T.);
#1774=ADVANCED_FACE('',(#187),#101,.T.);
#1775=ADVANCED_FACE('',(#188),#102,.T.);
#1776=ADVANCED_FACE('',(#189),#103,.T.);
#1777=ADVANCED_FACE('',(#190),#104,.T.);
#1778=ADVANCED_FACE('',(#191),#105,.T.);
#1779=ADVANCED_FACE('',(#192),#106,.T.);
#1780=ADVANCED_FACE('',(#193),#107,.T.);
#1781=ADVANCED_FACE('',(#194),#108,.T.);
#1782=ADVANCED_FACE('',(#195),#109,.T.);
#1783=ADVANCED_FACE('',(#196),#110,.T.);
#1784=ADVANCED_FACE('',(#197),#111,.T.);
#1785=ADVANCED_FACE('',(#198),#112,.T.);
#1786=ADVANCED_FACE('',(#199),#113,.T.);
#1787=ADVANCED_FACE('',(#200),#114,.T.);
#1788=ADVANCED_FACE('',(#201),#115,.F.);
#1789=ADVANCED_FACE('',(#202),#1700,.F.);
#1790=ADVANCED_FACE('',(#203,#25),#116,.F.);
#1791=ADVANCED_FACE('',(#204),#1701,.F.);
#1792=ADVANCED_FACE('',(#205),#1702,.F.);
#1793=ADVANCED_FACE('',(#206,#26),#117,.F.);
#1794=ADVANCED_FACE('',(#207),#1703,.F.);
#1795=ADVANCED_FACE('',(#208),#1704,.F.);
#1796=ADVANCED_FACE('',(#209,#27),#118,.F.);
#1797=ADVANCED_FACE('',(#210),#1705,.F.);
#1798=ADVANCED_FACE('',(#211),#1706,.F.);
#1799=ADVANCED_FACE('',(#212,#28),#119,.F.);
#1800=ADVANCED_FACE('',(#213),#1707,.F.);
#1801=ADVANCED_FACE('',(#214),#1708,.F.);
#1802=ADVANCED_FACE('',(#215,#29),#120,.F.);
#1803=ADVANCED_FACE('',(#216),#1709,.F.);
#1804=ADVANCED_FACE('',(#217),#1710,.F.);
#1805=ADVANCED_FACE('',(#218,#30),#121,.F.);
#1806=ADVANCED_FACE('',(#219),#1711,.F.);
#1807=ADVANCED_FACE('',(#220),#1712,.F.);
#1808=ADVANCED_FACE('',(#221,#31),#122,.F.);
#1809=ADVANCED_FACE('',(#222),#1713,.F.);
#1810=ADVANCED_FACE('',(#223),#1714,.F.);
#1811=ADVANCED_FACE('',(#224,#32),#123,.F.);
#1812=ADVANCED_FACE('',(#225),#1715,.F.);
#1813=ADVANCED_FACE('',(#226),#124,.F.);
#1814=ADVANCED_FACE('',(#227),#125,.F.);
#1815=ADVANCED_FACE('',(#228),#126,.F.);
#1816=ADVANCED_FACE('',(#229),#127,.T.);
#1817=ADVANCED_FACE('',(#230,#33,#34,#35,#36,#37,#38,#39,#40,#41),#128,
 .T.);
#1818=CLOSED_SHELL('',(#1716,#1717,#1718,#1719,#1720,#1721,#1722,#1723,
#1724,#1725,#1726,#1727,#1728,#1729,#1730,#1731,#1732,#1733,#1734,#1735,
#1736,#1737,#1738,#1739,#1740,#1741,#1742,#1743,#1744,#1745,#1746,#1747,
#1748,#1749,#1750,#1751,#1752,#1753,#1754,#1755,#1756,#1757,#1758,#1759,
#1760,#1761,#1762,#1763,#1764,#1765,#1766,#1767,#1768,#1769,#1770,#1771,
#1772,#1773,#1774,#1775,#1776,#1777,#1778,#1779,#1780,#1781,#1782,#1783,
#1784,#1785,#1786,#1787,#1788,#1789,#1790,#1791,#1792,#1793,#1794,#1795,
#1796,#1797,#1798,#1799,#1800,#1801,#1802,#1803,#1804,#1805,#1806,#1807,
#1808,#1809,#1810,#1811,#1812,#1813,#1814,#1815,#1816,#1817));
#1819=DERIVED_UNIT_ELEMENT(#1821,1.);
#1820=DERIVED_UNIT_ELEMENT(#3314,-3.);
#1821=(
MASS_UNIT()
NAMED_UNIT(*)
SI_UNIT(.KILO.,.GRAM.)
);
#1822=DERIVED_UNIT((#1819,#1820));
#1823=MEASURE_REPRESENTATION_ITEM('density measure',
POSITIVE_RATIO_MEASURE(7850.),#1822);
#1824=PROPERTY_DEFINITION_REPRESENTATION(#1829,#1826);
#1825=PROPERTY_DEFINITION_REPRESENTATION(#1830,#1827);
#1826=REPRESENTATION('material name',(#1828),#3311);
#1827=REPRESENTATION('density',(#1823),#3311);
#1828=DESCRIPTIVE_REPRESENTATION_ITEM('Steel','Steel');
#1829=PROPERTY_DEFINITION('material property','material name',#3321);
#1830=PROPERTY_DEFINITION('material property','density of part',#3321);
#1831=AXIS2_PLACEMENT_3D('',#2561,#2022,#2023);
#1832=AXIS2_PLACEMENT_3D('',#2562,#2024,#2025);
#1833=AXIS2_PLACEMENT_3D('',#2565,#2026,#2027);
#1834=AXIS2_PLACEMENT_3D('',#2569,#2029,#2030);
#1835=AXIS2_PLACEMENT_3D('',#2571,#2032,#2033);
#1836=AXIS2_PLACEMENT_3D('',#2573,#2034,#2035);
#1837=AXIS2_PLACEMENT_3D('',#2575,#2036,#2037);
#1838=AXIS2_PLACEMENT_3D('',#2577,#2039,#2040);
#1839=AXIS2_PLACEMENT_3D('',#2579,#2041,#2042);
#1840=AXIS2_PLACEMENT_3D('',#2581,#2043,#2044);
#1841=AXIS2_PLACEMENT_3D('',#2583,#2046,#2047);
#1842=AXIS2_PLACEMENT_3D('',#2589,#2051,#2052);
#1843=AXIS2_PLACEMENT_3D('',#2591,#2053,#2054);
#1844=AXIS2_PLACEMENT_3D('',#2593,#2055,#2056);
#1845=AXIS2_PLACEMENT_3D('',#2595,#2058,#2059);
#1846=AXIS2_PLACEMENT_3D('',#2597,#2060,#2061);
#1847=AXIS2_PLACEMENT_3D('',#2599,#2062,#2063);
#1848=AXIS2_PLACEMENT_3D('',#2601,#2065,#2066);
#1849=AXIS2_PLACEMENT_3D('',#2603,#2067,#2068);
#1850=AXIS2_PLACEMENT_3D('',#2605,#2069,#2070);
#1851=AXIS2_PLACEMENT_3D('',#2607,#2072,#2073);
#1852=AXIS2_PLACEMENT_3D('',#2613,#2077,#2078);
#1853=AXIS2_PLACEMENT_3D('',#2615,#2079,#2080);
#1854=AXIS2_PLACEMENT_3D('',#2617,#2081,#2082);
#1855=AXIS2_PLACEMENT_3D('',#2619,#2084,#2085);
#1856=AXIS2_PLACEMENT_3D('',#2625,#2089,#2090);
#1857=AXIS2_PLACEMENT_3D('',#2627,#2091,#2092);
#1858=AXIS2_PLACEMENT_3D('',#2630,#2094,#2095);
#1859=AXIS2_PLACEMENT_3D('',#2631,#2096,#2097);
#1860=AXIS2_PLACEMENT_3D('',#2633,#2098,#2099);
#1861=AXIS2_PLACEMENT_3D('',#2636,#2101,#2102);
#1862=AXIS2_PLACEMENT_3D('',#2637,#2103,#2104);
#1863=AXIS2_PLACEMENT_3D('',#2639,#2105,#2106);
#1864=AXIS2_PLACEMENT_3D('',#2642,#2108,#2109);
#1865=AXIS2_PLACEMENT_3D('',#2643,#2110,#2111);
#1866=AXIS2_PLACEMENT_3D('',#2649,#2115,#2116);
#1867=AXIS2_PLACEMENT_3D('',#2651,#2117,#2118);
#1868=AXIS2_PLACEMENT_3D('',#2654,#2120,#2121);
#1869=AXIS2_PLACEMENT_3D('',#2655,#2122,#2123);
#1870=AXIS2_PLACEMENT_3D('',#2656,#2124,#2125);
#1871=AXIS2_PLACEMENT_3D('',#2657,#2126,#2127);
#1872=AXIS2_PLACEMENT_3D('',#2658,#2128,#2129);
#1873=AXIS2_PLACEMENT_3D('',#2691,#2130,#2131);
#1874=AXIS2_PLACEMENT_3D('',#2693,#2132,#2133);
#1875=AXIS2_PLACEMENT_3D('',#2695,#2134,#2135);
#1876=AXIS2_PLACEMENT_3D('',#2696,#2136,#2137);
#1877=AXIS2_PLACEMENT_3D('',#2729,#2138,#2139);
#1878=AXIS2_PLACEMENT_3D('',#2731,#2140,#2141);
#1879=AXIS2_PLACEMENT_3D('',#2733,#2142,#2143);
#1880=AXIS2_PLACEMENT_3D('',#2734,#2144,#2145);
#1881=AXIS2_PLACEMENT_3D('',#2762,#2146,#2147);
#1882=AXIS2_PLACEMENT_3D('',#2764,#2148,#2149);
#1883=AXIS2_PLACEMENT_3D('',#2766,#2150,#2151);
#1884=AXIS2_PLACEMENT_3D('',#2767,#2152,#2153);
#1885=AXIS2_PLACEMENT_3D('',#2795,#2154,#2155);
#1886=AXIS2_PLACEMENT_3D('',#2797,#2156,#2157);
#1887=AXIS2_PLACEMENT_3D('',#2799,#2158,#2159);
#1888=AXIS2_PLACEMENT_3D('',#2800,#2160,#2161);
#1889=AXIS2_PLACEMENT_3D('',#2801,#2162,#2163);
#1890=AXIS2_PLACEMENT_3D('',#2804,#2164,#2165);
#1891=AXIS2_PLACEMENT_3D('',#2807,#2168,#2169);
#1892=AXIS2_PLACEMENT_3D('',#2810,#2172,#2173);
#1893=AXIS2_PLACEMENT_3D('',#2813,#2176,#2177);
#1894=AXIS2_PLACEMENT_3D('',#2816,#2180,#2181);
#1895=AXIS2_PLACEMENT_3D('',#2819,#2182,#2183);
#1896=AXIS2_PLACEMENT_3D('',#2822,#2186,#2187);
#1897=AXIS2_PLACEMENT_3D('',#2825,#2188,#2189);
#1898=AXIS2_PLACEMENT_3D('',#2828,#2192,#2193);
#1899=AXIS2_PLACEMENT_3D('',#2853,#2198,#2199);
#1900=AXIS2_PLACEMENT_3D('',#2856,#2200,#2201);
#1901=AXIS2_PLACEMENT_3D('',#2859,#2204,#2205);
#1902=AXIS2_PLACEMENT_3D('',#2861,#2207,#2208);
#1903=AXIS2_PLACEMENT_3D('',#2889,#2210,#2211);
#1904=AXIS2_PLACEMENT_3D('',#2891,#2212,#2213);
#1905=AXIS2_PLACEMENT_3D('',#2893,#2214,#2215);
#1906=AXIS2_PLACEMENT_3D('',#2894,#2216,#2217);
#1907=AXIS2_PLACEMENT_3D('',#2895,#2218,#2219);
#1908=AXIS2_PLACEMENT_3D('',#2897,#2220,#2221);
#1909=AXIS2_PLACEMENT_3D('',#2899,#2222,#2223);
#1910=AXIS2_PLACEMENT_3D('',#2901,#2224,#2225);
#1911=AXIS2_PLACEMENT_3D('',#2903,#2226,#2227);
#1912=AXIS2_PLACEMENT_3D('',#2905,#2228,#2229);
#1913=AXIS2_PLACEMENT_3D('',#2907,#2230,#2231);
#1914=AXIS2_PLACEMENT_3D('',#2909,#2232,#2233);
#1915=AXIS2_PLACEMENT_3D('',#2911,#2234,#2235);
#1916=AXIS2_PLACEMENT_3D('',#2944,#2236,#2237);
#1917=AXIS2_PLACEMENT_3D('',#2946,#2238,#2239);
#1918=AXIS2_PLACEMENT_3D('',#2948,#2240,#2241);
#1919=AXIS2_PLACEMENT_3D('',#2949,#2242,#2243);
#1920=AXIS2_PLACEMENT_3D('',#2950,#2244,#2245);
#1921=AXIS2_PLACEMENT_3D('',#2953,#2246,#2247);
#1922=AXIS2_PLACEMENT_3D('',#2988,#2250,#2251);
#1923=AXIS2_PLACEMENT_3D('',#2989,#2252,#2253);
#1924=AXIS2_PLACEMENT_3D('',#2990,#2254,#2255);
#1925=AXIS2_PLACEMENT_3D('',#2991,#2256,#2257);
#1926=AXIS2_PLACEMENT_3D('',#2994,#2260,#2261);
#1927=AXIS2_PLACEMENT_3D('',#2996,#2262,#2263);
#1928=AXIS2_PLACEMENT_3D('',#3024,#2265,#2266);
#1929=AXIS2_PLACEMENT_3D('',#3026,#2267,#2268);
#1930=AXIS2_PLACEMENT_3D('',#3027,#2269,#2270);
#1931=AXIS2_PLACEMENT_3D('',#3028,#2271,#2272);
#1932=AXIS2_PLACEMENT_3D('',#3031,#2275,#2276);
#1933=AXIS2_PLACEMENT_3D('',#3037,#2280,#2281);
#1934=AXIS2_PLACEMENT_3D('',#3040,#2283,#2284);
#1935=AXIS2_PLACEMENT_3D('',#3041,#2285,#2286);
#1936=AXIS2_PLACEMENT_3D('',#3049,#2291,#2292);
#1937=AXIS2_PLACEMENT_3D('',#3052,#2294,#2295);
#1938=AXIS2_PLACEMENT_3D('',#3053,#2296,#2297);
#1939=AXIS2_PLACEMENT_3D('',#3055,#2299,#2300);
#1940=AXIS2_PLACEMENT_3D('',#3059,#2302,#2303);
#1941=AXIS2_PLACEMENT_3D('',#3061,#2305,#2306);
#1942=AXIS2_PLACEMENT_3D('',#3063,#2308,#2309);
#1943=AXIS2_PLACEMENT_3D('',#3065,#2310,#2311);
#1944=AXIS2_PLACEMENT_3D('',#3067,#2313,#2314);
#1945=AXIS2_PLACEMENT_3D('',#3073,#2318,#2319);
#1946=AXIS2_PLACEMENT_3D('',#3082,#2324,#2325);
#1947=AXIS2_PLACEMENT_3D('',#3090,#2330,#2331);
#1948=AXIS2_PLACEMENT_3D('',#3096,#2335,#2336);
#1949=AXIS2_PLACEMENT_3D('',#3098,#2338,#2339);
#1950=AXIS2_PLACEMENT_3D('',#3104,#2343,#2344);
#1951=AXIS2_PLACEMENT_3D('',#3138,#2362,#2363);
#1952=AXIS2_PLACEMENT_3D('',#3144,#2367,#2368);
#1953=AXIS2_PLACEMENT_3D('',#3148,#2371,#2372);
#1954=AXIS2_PLACEMENT_3D('',#3152,#2375,#2376);
#1955=AXIS2_PLACEMENT_3D('',#3154,#2378,#2379);
#1956=AXIS2_PLACEMENT_3D('',#3155,#2380,#2381);
#1957=AXIS2_PLACEMENT_3D('',#3164,#2386,#2387);
#1958=AXIS2_PLACEMENT_3D('',#3170,#2391,#2392);
#1959=AXIS2_PLACEMENT_3D('',#3173,#2395,#2396);
#1960=AXIS2_PLACEMENT_3D('',#3175,#2398,#2399);
#1961=AXIS2_PLACEMENT_3D('',#3179,#2402,#2403);
#1962=AXIS2_PLACEMENT_3D('',#3192,#2412,#2413);
#1963=AXIS2_PLACEMENT_3D('',#3193,#2414,#2415);
#1964=AXIS2_PLACEMENT_3D('',#3195,#2417,#2418);
#1965=AXIS2_PLACEMENT_3D('',#3197,#2420,#2421);
#1966=AXIS2_PLACEMENT_3D('',#3199,#2423,#2424);
#1967=AXIS2_PLACEMENT_3D('',#3201,#2426,#2427);
#1968=AXIS2_PLACEMENT_3D('',#3202,#2428,#2429);
#1969=AXIS2_PLACEMENT_3D('',#3208,#2433,#2434);
#1970=AXIS2_PLACEMENT_3D('',#3211,#2436,#2437);
#1971=AXIS2_PLACEMENT_3D('',#3212,#2438,#2439);
#1972=AXIS2_PLACEMENT_3D('',#3214,#2440,#2441);
#1973=AXIS2_PLACEMENT_3D('',#3215,#2442,#2443);
#1974=AXIS2_PLACEMENT_3D('',#3218,#2445,#2446);
#1975=AXIS2_PLACEMENT_3D('',#3219,#2447,#2448);
#1976=AXIS2_PLACEMENT_3D('',#3222,#2450,#2451);
#1977=AXIS2_PLACEMENT_3D('',#3223,#2452,#2453);
#1978=AXIS2_PLACEMENT_3D('',#3225,#2454,#2455);
#1979=AXIS2_PLACEMENT_3D('',#3226,#2456,#2457);
#1980=AXIS2_PLACEMENT_3D('',#3229,#2459,#2460);
#1981=AXIS2_PLACEMENT_3D('',#3230,#2461,#2462);
#1982=AXIS2_PLACEMENT_3D('',#3233,#2464,#2465);
#1983=AXIS2_PLACEMENT_3D('',#3234,#2466,#2467);
#1984=AXIS2_PLACEMENT_3D('',#3236,#2468,#2469);
#1985=AXIS2_PLACEMENT_3D('',#3237,#2470,#2471);
#1986=AXIS2_PLACEMENT_3D('',#3240,#2473,#2474);
#1987=AXIS2_PLACEMENT_3D('',#3241,#2475,#2476);
#1988=AXIS2_PLACEMENT_3D('',#3244,#2478,#2479);
#1989=AXIS2_PLACEMENT_3D('',#3245,#2480,#2481);
#1990=AXIS2_PLACEMENT_3D('',#3247,#2482,#2483);
#1991=AXIS2_PLACEMENT_3D('',#3248,#2484,#2485);
#1992=AXIS2_PLACEMENT_3D('',#3251,#2487,#2488);
#1993=AXIS2_PLACEMENT_3D('',#3252,#2489,#2490);
#1994=AXIS2_PLACEMENT_3D('',#3255,#2492,#2493);
#1995=AXIS2_PLACEMENT_3D('',#3256,#2494,#2495);
#1996=AXIS2_PLACEMENT_3D('',#3258,#2496,#2497);
#1997=AXIS2_PLACEMENT_3D('',#3259,#2498,#2499);
#1998=AXIS2_PLACEMENT_3D('',#3262,#2501,#2502);
#1999=AXIS2_PLACEMENT_3D('',#3263,#2503,#2504);
#2000=AXIS2_PLACEMENT_3D('',#3266,#2506,#2507);
#2001=AXIS2_PLACEMENT_3D('',#3267,#2508,#2509);
#2002=AXIS2_PLACEMENT_3D('',#3269,#2510,#2511);
#2003=AXIS2_PLACEMENT_3D('',#3270,#2512,#2513);
#2004=AXIS2_PLACEMENT_3D('',#3273,#2515,#2516);
#2005=AXIS2_PLACEMENT_3D('',#3274,#2517,#2518);
#2006=AXIS2_PLACEMENT_3D('',#3277,#2520,#2521);
#2007=AXIS2_PLACEMENT_3D('',#3278,#2522,#2523);
#2008=AXIS2_PLACEMENT_3D('',#3280,#2524,#2525);
#2009=AXIS2_PLACEMENT_3D('',#3281,#2526,#2527);
#2010=AXIS2_PLACEMENT_3D('',#3284,#2529,#2530);
#2011=AXIS2_PLACEMENT_3D('',#3285,#2531,#2532);
#2012=AXIS2_PLACEMENT_3D('',#3288,#2534,#2535);
#2013=AXIS2_PLACEMENT_3D('',#3289,#2536,#2537);
#2014=AXIS2_PLACEMENT_3D('',#3291,#2538,#2539);
#2015=AXIS2_PLACEMENT_3D('',#3292,#2540,#2541);
#2016=AXIS2_PLACEMENT_3D('',#3295,#2543,#2544);
#2017=AXIS2_PLACEMENT_3D('',#3296,#2545,#2546);
#2018=AXIS2_PLACEMENT_3D('',#3300,#2549,#2550);
#2019=AXIS2_PLACEMENT_3D('',#3304,#2553,#2554);
#2020=AXIS2_PLACEMENT_3D('',#3306,#2556,#2557);
#2021=AXIS2_PLACEMENT_3D('',#3308,#2559,#2560);
#2022=DIRECTION('axis',(0.,0.,1.));
#2023=DIRECTION('refdir',(1.,0.,0.));
#2024=DIRECTION('center_axis',(0.,0.121869343405145,0.992546151641322));
#2025=DIRECTION('ref_axis',(-0.70639116085207,0.70254568256356,-0.0862617631477966));
#2026=DIRECTION('center_axis',(0.,0.121869343405147,0.992546151641322));
#2027=DIRECTION('ref_axis',(-0.70639116085207,0.70254568256356,-0.0862617631477966));
#2028=DIRECTION('',(0.,0.121869343405145,0.992546151641322));
#2029=DIRECTION('center_axis',(0.,0.121869343405147,0.992546151641322));
#2030=DIRECTION('ref_axis',(-0.70639116085207,0.70254568256356,-0.0862617631477981));
#2031=DIRECTION('',(0.,0.121869343405145,0.992546151641322));
#2032=DIRECTION('center_axis',(0.,0.121869343405145,0.992546151641322));
#2033=DIRECTION('ref_axis',(-0.168317033100917,-0.978385409644722,0.120130622917034));
#2034=DIRECTION('center_axis',(0.,0.121869343405147,0.992546151641322));
#2035=DIRECTION('ref_axis',(0.90124352919643,0.430083087743608,-0.0528075630803634));
#2036=DIRECTION('center_axis',(0.,0.121869343405147,0.992546151641322));
#2037=DIRECTION('ref_axis',(0.90124352919643,0.430083087743608,-0.0528075630803643));
#2038=DIRECTION('',(0.,0.121869343405145,0.992546151641322));
#2039=DIRECTION('center_axis',(0.,0.121869343405145,0.992546151641322));
#2040=DIRECTION('ref_axis',(-0.104618012660949,0.987099534060262,-0.121200582857049));
#2041=DIRECTION('center_axis',(0.,-0.121869343405147,-0.992546151641322));
#2042=DIRECTION('ref_axis',(-0.104618012660949,0.987099534060262,-0.121200582857049));
#2043=DIRECTION('center_axis',(0.,-0.121869343405147,-0.992546151641322));
#2044=DIRECTION('ref_axis',(-0.104618012660949,0.987099534060261,-0.121200582857051));
#2045=DIRECTION('',(0.,0.121869343405145,0.992546151641322));
#2046=DIRECTION('center_axis',(-0.999999894756422,-0.000455369039350902,
5.5912287545477E-5));
#2047=DIRECTION('ref_axis',(0.000458788781355791,-0.992546047182213,0.121869330579182));
#2048=DIRECTION('',(0.000458788781355791,-0.992546047182213,0.121869330579182));
#2049=DIRECTION('',(0.000458788781355791,-0.992546047182213,0.121869330579182));
#2050=DIRECTION('',(0.,0.121869343405145,0.992546151641322));
#2051=DIRECTION('center_axis',(0.,0.121869343405145,0.992546151641322));
#2052=DIRECTION('ref_axis',(0.274679404346653,-0.954368725127084,0.117181744854192));
#2053=DIRECTION('center_axis',(0.,-0.121869343405147,-0.992546151641322));
#2054=DIRECTION('ref_axis',(0.274679404346653,-0.954368725127084,0.117181744854192));
#2055=DIRECTION('center_axis',(0.,-0.121869343405147,-0.992546151641322));
#2056=DIRECTION('ref_axis',(0.274679404346653,-0.954368725127083,0.117181744854194));
#2057=DIRECTION('',(0.,0.121869343405145,0.992546151641322));
#2058=DIRECTION('center_axis',(0.,0.121869343405145,0.992546151641322));
#2059=DIRECTION('ref_axis',(-0.707406134357453,0.701538866788815,-0.0861381417149844));
#2060=DIRECTION('center_axis',(0.,0.121869343405147,0.992546151641322));
#2061=DIRECTION('ref_axis',(-0.705312280369941,-0.703612730621735,0.0863927801750819));
#2062=DIRECTION('center_axis',(0.,0.121869343405147,0.992546151641322));
#2063=DIRECTION('ref_axis',(-0.705312280369941,-0.703612730621735,0.0863927801750834));
#2064=DIRECTION('',(0.,0.121869343405145,0.992546151641322));
#2065=DIRECTION('center_axis',(0.,0.121869343405145,0.992546151641322));
#2066=DIRECTION('ref_axis',(0.245535903676252,-0.962161829937499,0.118138617806409));
#2067=DIRECTION('center_axis',(0.,0.121869343405147,0.992546151641322));
#2068=DIRECTION('ref_axis',(0.245535903676252,-0.962161829937499,0.118138617806409));
#2069=DIRECTION('center_axis',(0.,0.121869343405147,0.992546151641322));
#2070=DIRECTION('ref_axis',(0.245535903676252,-0.962161829937499,0.118138617806411));
#2071=DIRECTION('',(0.,0.121869343405145,0.992546151641322));
#2072=DIRECTION('center_axis',(-0.999999894756393,-0.000455369101084079,
5.59122951253581E-5));
#2073=DIRECTION('ref_axis',(0.000458788843552573,-0.992546047182185,0.121869330579178));
#2074=DIRECTION('',(0.000458788843552573,-0.992546047182185,0.121869330579178));
#2075=DIRECTION('',(0.000458788843552573,-0.992546047182185,0.121869330579178));
#2076=DIRECTION('',(0.,0.121869343405145,0.992546151641322));
#2077=DIRECTION('center_axis',(0.,0.121869343405145,0.992546151641322));
#2078=DIRECTION('ref_axis',(0.707084428411872,-0.701858299925355,0.0861773631723924));
#2079=DIRECTION('center_axis',(0.,0.121869343405147,0.992546151641322));
#2080=DIRECTION('ref_axis',(0.707084428411872,-0.701858299925355,0.0861773631723924));
#2081=DIRECTION('center_axis',(0.,0.121869343405147,0.992546151641322));
#2082=DIRECTION('ref_axis',(0.707084428411872,-0.701858299925355,0.0861773631723938));
#2083=DIRECTION('',(0.,0.121869343405145,0.992546151641322));
#2084=DIRECTION('center_axis',(0.999999993544775,0.000112777227572756,-1.38473023673676E-5));
#2085=DIRECTION('ref_axis',(-0.000113624164867561,0.992546145234213,-0.121869342618453));
#2086=DIRECTION('',(-0.000113624164867561,0.992546145234213,-0.121869342618453));
#2087=DIRECTION('',(0.,0.121869343405145,0.992546151641322));
#2088=DIRECTION('',(-0.000113624164867561,0.992546145234213,-0.121869342618453));
#2089=DIRECTION('center_axis',(0.,0.121869343405145,0.992546151641322));
#2090=DIRECTION('ref_axis',(-0.244964749673263,0.962305241362219,-0.118156226515222));
#2091=DIRECTION('center_axis',(0.,0.121869343405147,0.992546151641322));
#2092=DIRECTION('ref_axis',(-0.244964749673263,0.962305241362219,-0.118156226515222));
#2093=DIRECTION('',(0.,0.121869343405145,0.992546151641322));
#2094=DIRECTION('center_axis',(0.,0.121869343405147,0.992546151641322));
#2095=DIRECTION('ref_axis',(-0.244964749673263,0.962305241362219,-0.118156226515224));
#2096=DIRECTION('center_axis',(0.,0.121869343405145,0.992546151641322));
#2097=DIRECTION('ref_axis',(0.699405828112678,-0.709397313523765,0.0871030376467141));
#2098=DIRECTION('center_axis',(0.,0.121869343405147,0.992546151641322));
#2099=DIRECTION('ref_axis',(0.707939912300104,0.701008217936285,-0.086072986228633));
#2100=DIRECTION('',(0.,0.121869343405145,0.992546151641322));
#2101=DIRECTION('center_axis',(0.,0.121869343405147,0.992546151641322));
#2102=DIRECTION('ref_axis',(0.707939912300104,0.701008217936285,-0.0860729862286344));
#2103=DIRECTION('center_axis',(0.,0.121869343405145,0.992546151641322));
#2104=DIRECTION('ref_axis',(-0.281554251050711,0.952393005682594,-0.116939157009733));
#2105=DIRECTION('center_axis',(0.,-0.121869343405147,-0.992546151641322));
#2106=DIRECTION('ref_axis',(-0.281554251050711,0.952393005682594,-0.116939157009733));
#2107=DIRECTION('',(0.,0.121869343405145,0.992546151641322));
#2108=DIRECTION('center_axis',(0.,-0.121869343405147,-0.992546151641322));
#2109=DIRECTION('ref_axis',(-0.281554251050711,0.952393005682594,-0.116939157009735));
#2110=DIRECTION('center_axis',(0.999999993544773,0.000112777239474255,-1.38473038286878E-5));
#2111=DIRECTION('ref_axis',(-0.000113624176858437,0.992546145234212,-0.121869342618453));
#2112=DIRECTION('',(-0.000113624176858437,0.992546145234212,-0.121869342618453));
#2113=DIRECTION('',(0.,0.121869343405145,0.992546151641322));
#2114=DIRECTION('',(-0.000113624176858437,0.992546145234212,-0.121869342618453));
#2115=DIRECTION('center_axis',(0.,0.121869343405145,0.992546151641322));
#2116=DIRECTION('ref_axis',(0.10549606182931,-0.987007466907723,0.121189278432151));
#2117=DIRECTION('center_axis',(0.,-0.121869343405147,-0.992546151641322));
#2118=DIRECTION('ref_axis',(0.10549606182931,-0.987007466907723,0.121189278432151));
#2119=DIRECTION('',(0.,0.121869343405145,0.992546151641322));
#2120=DIRECTION('center_axis',(0.,-0.121869343405147,-0.992546151641322));
#2121=DIRECTION('ref_axis',(0.10549606182931,-0.987007466907723,0.121189278432153));
#2122=DIRECTION('center_axis',(0.,0.121869343405145,0.992546151641322));
#2123=DIRECTION('ref_axis',(0.169133134494536,0.978246751303752,-0.120113597813522));
#2124=DIRECTION('center_axis',(0.,0.121869343405147,0.992546151641322));
#2125=DIRECTION('ref_axis',(-0.902382549870171,-0.427723750471013,0.0525178728893259));
#2126=DIRECTION('center_axis',(0.,0.121869343405147,0.992546151641322));
#2127=DIRECTION('ref_axis',(-0.902382549870171,-0.427723750471013,0.0525178728893268));
#2128=DIRECTION('center_axis',(0.,-0.121869343405147,-0.992546151641322));
#2129=DIRECTION('ref_axis',(-1.,0.,0.));
#2130=DIRECTION('center_axis',(0.,0.121869343405147,0.992546151641322));
#2131=DIRECTION('ref_axis',(7.46110347771805E-16,0.992546151641322,-0.121869343405147));
#2132=DIRECTION('center_axis',(-1.,0.,0.));
#2133=DIRECTION('ref_axis',(0.,1.,0.));
#2134=DIRECTION('center_axis',(0.,-0.0612769123431595,-0.99812080431864));
#2135=DIRECTION('ref_axis',(0.,0.99812080431864,-0.0612769123431595));
#2136=DIRECTION('center_axis',(-1.4918138125811E-14,-0.992546151641321,
0.121869343405153));
#2137=DIRECTION('ref_axis',(0.,-0.121869343405153,-0.992546151641321));
#2138=DIRECTION('center_axis',(0.,0.121869343405147,0.992546151641322));
#2139=DIRECTION('ref_axis',(0.,0.992546151641322,-0.121869343405147));
#2140=DIRECTION('center_axis',(0.,-0.992546151641323,0.121869343405138));
#2141=DIRECTION('ref_axis',(-1.,0.,0.));
#2142=DIRECTION('center_axis',(0.,-0.0612769123431595,-0.99812080431864));
#2143=DIRECTION('ref_axis',(0.,0.99812080431864,-0.0612769123431595));
#2144=DIRECTION('center_axis',(1.,0.,0.));
#2145=DIRECTION('ref_axis',(0.,-0.121869343405153,-0.992546151641321));
#2146=DIRECTION('center_axis',(2.37800623853254E-17,-0.0612769123431586,
-0.99812080431864));
#2147=DIRECTION('ref_axis',(0.,-0.99812080431864,0.0612769123431586));
#2148=DIRECTION('center_axis',(-1.,0.,0.));
#2149=DIRECTION('ref_axis',(0.,-0.121869343405148,-0.992546151641322));
#2150=DIRECTION('center_axis',(0.,0.121869343405147,0.992546151641322));
#2151=DIRECTION('ref_axis',(1.37743448819412E-15,-0.992546151641322,0.121869343405147));
#2152=DIRECTION('center_axis',(0.,0.992546151641321,-0.121869343405157));
#2153=DIRECTION('ref_axis',(1.,0.,0.));
#2154=DIRECTION('center_axis',(1.,0.,0.));
#2155=DIRECTION('ref_axis',(0.,-1.,0.));
#2156=DIRECTION('center_axis',(-2.58259035239647E-17,-0.061276912343159,
-0.99812080431864));
#2157=DIRECTION('ref_axis',(5.19439077333719E-16,-0.99812080431864,0.061276912343159));
#2158=DIRECTION('center_axis',(0.,0.992546151641322,-0.121869343405145));
#2159=DIRECTION('ref_axis',(0.,-0.121869343405145,-0.992546151641322));
#2160=DIRECTION('center_axis',(0.,0.121869343405147,0.992546151641322));
#2161=DIRECTION('ref_axis',(5.16537933072792E-16,-0.992546151641322,0.121869343405148));
#2162=DIRECTION('center_axis',(0.,0.,1.));
#2163=DIRECTION('ref_axis',(-0.707106781186547,-0.707106781186548,0.));
#2164=DIRECTION('center_axis',(0.,0.,-1.));
#2165=DIRECTION('ref_axis',(-0.707106781186547,-0.707106781186548,0.));
#2166=DIRECTION('',(0.,0.,-1.));
#2167=DIRECTION('',(0.,0.,1.));
#2168=DIRECTION('center_axis',(0.,-0.992546151641322,0.121869343405147));
#2169=DIRECTION('ref_axis',(-0.707106781186545,-0.0861746391405359,-0.701836114466192));
#2170=DIRECTION('',(0.,0.992546151641322,-0.121869343405147));
#2171=DIRECTION('',(0.,-0.992546151641322,0.121869343405147));
#2172=DIRECTION('center_axis',(1.,0.,0.));
#2173=DIRECTION('ref_axis',(0.,-0.748955720789002,-0.662620048215737));
#2174=DIRECTION('',(-1.,0.,0.));
#2175=DIRECTION('',(1.,0.,0.));
#2176=DIRECTION('center_axis',(0.,0.992546151641322,-0.121869343405147));
#2177=DIRECTION('ref_axis',(0.707106781186561,-0.086174639140534,-0.701836114466177));
#2178=DIRECTION('',(0.,-0.992546151641322,0.121869343405147));
#2179=DIRECTION('',(0.,0.992546151641322,-0.121869343405147));
#2180=DIRECTION('center_axis',(0.,0.,1.));
#2181=DIRECTION('ref_axis',(0.70710678118654,-0.707106781186555,0.));
#2182=DIRECTION('center_axis',(0.,0.,-1.));
#2183=DIRECTION('ref_axis',(0.70710678118654,-0.707106781186555,0.));
#2184=DIRECTION('',(0.,0.,-1.));
#2185=DIRECTION('',(0.,0.,1.));
#2186=DIRECTION('center_axis',(0.,0.,-1.));
#2187=DIRECTION('ref_axis',(-0.707106781186548,0.707106781186548,0.));
#2188=DIRECTION('center_axis',(0.,0.,-1.));
#2189=DIRECTION('ref_axis',(-0.707106781186548,0.707106781186548,0.));
#2190=DIRECTION('',(0.,0.,-1.));
#2191=DIRECTION('',(0.,0.,1.));
#2192=DIRECTION('center_axis',(1.,0.,0.));
#2193=DIRECTION('ref_axis',(0.,0.662620048215726,-0.748955720789012));
#2194=DIRECTION('',(1.,0.,0.));
#2195=DIRECTION('',(-1.,0.,0.));
#2196=DIRECTION('',(1.,0.,0.));
#2197=DIRECTION('',(1.,0.,0.));
#2198=DIRECTION('center_axis',(0.,0.,1.));
#2199=DIRECTION('ref_axis',(0.707106781186542,0.707106781186553,0.));
#2200=DIRECTION('center_axis',(0.,0.,-1.));
#2201=DIRECTION('ref_axis',(0.707106781186542,0.707106781186553,0.));
#2202=DIRECTION('',(0.,0.,-1.));
#2203=DIRECTION('',(0.,0.,1.));
#2204=DIRECTION('center_axis',(0.,-1.,0.));
#2205=DIRECTION('ref_axis',(1.,0.,0.));
#2206=DIRECTION('',(1.,0.,0.));
#2207=DIRECTION('center_axis',(1.,0.,0.));
#2208=DIRECTION('ref_axis',(0.,1.,0.));
#2209=DIRECTION('',(0.,1.,0.));
#2210=DIRECTION('center_axis',(1.,0.,0.));
#2211=DIRECTION('ref_axis',(0.,1.,0.));
#2212=DIRECTION('center_axis',(1.31398213801936E-16,-0.992971585652656,
-0.118352989343109));
#2213=DIRECTION('ref_axis',(0.,0.118352989343109,-0.992971585652656));
#2214=DIRECTION('center_axis',(0.,0.,1.));
#2215=DIRECTION('ref_axis',(0.,1.,0.));
#2216=DIRECTION('center_axis',(0.,1.,0.));
#2217=DIRECTION('ref_axis',(1.37743448819411E-15,0.,-1.));
#2218=DIRECTION('center_axis',(0.,0.121869343405147,0.992546151641322));
#2219=DIRECTION('ref_axis',(1.,0.,0.));
#2220=DIRECTION('center_axis',(0.,0.121869343405147,0.992546151641322));
#2221=DIRECTION('ref_axis',(0.,0.992546151641322,-0.121869343405147));
#2222=DIRECTION('center_axis',(0.,0.121869343405147,0.992546151641322));
#2223=DIRECTION('ref_axis',(0.,0.992546151641322,-0.121869343405148));
#2224=DIRECTION('center_axis',(0.,0.121869343405147,0.992546151641322));
#2225=DIRECTION('ref_axis',(0.,0.992546151641322,-0.121869343405147));
#2226=DIRECTION('center_axis',(0.,0.121869343405147,0.992546151641322));
#2227=DIRECTION('ref_axis',(0.,0.992546151641322,-0.121869343405147));
#2228=DIRECTION('center_axis',(0.,0.121869343405147,0.992546151641322));
#2229=DIRECTION('ref_axis',(0.,0.992546151641322,-0.121869343405147));
#2230=DIRECTION('center_axis',(0.,0.121869343405147,0.992546151641322));
#2231=DIRECTION('ref_axis',(0.,0.992546151641322,-0.121869343405147));
#2232=DIRECTION('center_axis',(0.,0.121869343405147,0.992546151641322));
#2233=DIRECTION('ref_axis',(0.,0.992546151641322,-0.121869343405147));
#2234=DIRECTION('center_axis',(0.,0.121869343405147,0.992546151641322));
#2235=DIRECTION('ref_axis',(0.,0.992546151641322,-0.121869343405147));
#2236=DIRECTION('center_axis',(-0.00054852837147287,0.,0.999999849558302));
#2237=DIRECTION('ref_axis',(0.99998987085508,-0.00446736050390584,0.000548522897870219));
#2238=DIRECTION('center_axis',(0.,1.,0.));
#2239=DIRECTION('ref_axis',(-0.0369074658906773,0.,0.999318687387326));
#2240=DIRECTION('center_axis',(-1.,0.,0.));
#2241=DIRECTION('ref_axis',(0.,1.,1.38777878078145E-16));
#2242=DIRECTION('center_axis',(0.00437087318048725,-0.992962655745757,-0.118347200059712));
#2243=DIRECTION('ref_axis',(-0.036647735347653,-0.118427886472458,0.992286137764483));
#2244=DIRECTION('center_axis',(-1.,0.,0.));
#2245=DIRECTION('ref_axis',(0.,0.662620048215739,-0.748955720789001));
#2246=DIRECTION('center_axis',(-1.,0.,0.));
#2247=DIRECTION('ref_axis',(0.,1.,0.));
#2248=DIRECTION('',(-1.,0.,0.));
#2249=DIRECTION('',(1.,0.,0.));
#2250=DIRECTION('center_axis',(-1.11022302462516E-14,0.,1.));
#2251=DIRECTION('ref_axis',(0.,1.,0.));
#2252=DIRECTION('center_axis',(6.56991069009681E-16,-0.992971585652656,
-0.118352989343109));
#2253=DIRECTION('ref_axis',(0.,-0.118352989343109,0.992971585652656));
#2254=DIRECTION('center_axis',(0.,1.,0.));
#2255=DIRECTION('ref_axis',(-5.44086622836673E-15,0.,1.));
#2256=DIRECTION('center_axis',(0.,0.,1.));
#2257=DIRECTION('ref_axis',(-0.707106781186548,0.707106781186548,0.));
#2258=DIRECTION('',(0.,0.,1.));
#2259=DIRECTION('',(0.,0.,-1.));
#2260=DIRECTION('center_axis',(1.,0.,0.));
#2261=DIRECTION('ref_axis',(0.,0.748955720788999,0.662620048215741));
#2262=DIRECTION('center_axis',(1.,0.,0.));
#2263=DIRECTION('ref_axis',(0.,1.,0.));
#2264=DIRECTION('',(1.,0.,0.));
#2265=DIRECTION('center_axis',(0.,1.,0.));
#2266=DIRECTION('ref_axis',(0.0369074658906876,0.,-0.999318687387326));
#2267=DIRECTION('center_axis',(0.000548528371455662,0.,-0.999999849558302));
#2268=DIRECTION('ref_axis',(0.,1.,0.));
#2269=DIRECTION('center_axis',(0.00437087318050562,-0.992962655745759,-0.118347200059695));
#2270=DIRECTION('ref_axis',(0.0366477353476703,0.118427886472441,-0.992286137764485));
#2271=DIRECTION('center_axis',(0.000548528371470709,0.,-0.999999849558302));
#2272=DIRECTION('ref_axis',(0.708684364959592,0.705525562788518,0.000388733539080131));
#2273=DIRECTION('',(-0.000548528371470709,0.,0.999999849558302));
#2274=DIRECTION('',(0.000548528371470709,4.84352196361949E-22,-0.999999849558302));
#2275=DIRECTION('center_axis',(0.,0.121869343405147,0.992546151641322));
#2276=DIRECTION('ref_axis',(1.,0.,0.));
#2277=DIRECTION('',(0.00450090960156014,0.992536097997512,-0.121868108972907));
#2278=DIRECTION('',(1.,0.,0.));
#2279=DIRECTION('',(0.,-0.992546151641322,0.121869343405147));
#2280=DIRECTION('center_axis',(0.00450090960156014,0.992536097997512,-0.121868108972907));
#2281=DIRECTION('ref_axis',(-0.707099618799492,-0.0830157382342098,-0.702223978726903));
#2282=DIRECTION('',(-0.00450090960156014,-0.992536097997512,0.121868108972907));
#2283=DIRECTION('center_axis',(0.,0.992546151641322,-0.12186934340515));
#2284=DIRECTION('ref_axis',(-1.,5.22770971443804E-13,4.25759278428728E-12));
#2285=DIRECTION('center_axis',(-0.99998987085508,0.00446736050391399,-0.000548522897868058));
#2286=DIRECTION('ref_axis',(-0.00450090960156014,-0.992536097997512,0.121868108972908));
#2287=DIRECTION('',(0.00450090960156014,0.992536097997512,-0.121868108972907));
#2288=DIRECTION('',(-0.000548528371470709,0.,0.999999849558302));
#2289=DIRECTION('',(0.00450090960156014,0.992536097997512,-0.121868108972909));
#2290=DIRECTION('',(-1.13842381236956E-17,-0.12186934340515,-0.992546151641322));
#2291=DIRECTION('center_axis',(-0.00450090960156014,-0.992536097997512,
0.121868108972907));
#2292=DIRECTION('ref_axis',(-0.707099618799481,0.0893335400468451,0.701448250205478));
#2293=DIRECTION('',(-0.00450090960156014,-0.992536097997512,0.121868108972907));
#2294=DIRECTION('center_axis',(0.,-1.,0.));
#2295=DIRECTION('ref_axis',(-0.0369074658906773,0.,0.999318687387326));
#2296=DIRECTION('center_axis',(0.,1.,0.));
#2297=DIRECTION('ref_axis',(-1.,0.,0.));
#2298=DIRECTION('',(-1.,0.,0.));
#2299=DIRECTION('center_axis',(0.,0.992546151641322,-0.121869343405147));
#2300=DIRECTION('ref_axis',(0.70710678118654,0.0861746391405407,0.701836114466197));
#2301=DIRECTION('',(0.,-0.992546151641322,0.121869343405147));
#2302=DIRECTION('center_axis',(0.,-1.,0.));
#2303=DIRECTION('ref_axis',(-5.44086622836673E-15,0.,1.));
#2304=DIRECTION('',(0.,0.992546151641322,-0.121869343405147));
#2305=DIRECTION('center_axis',(0.,0.121869343405147,0.992546151641322));
#2306=DIRECTION('ref_axis',(1.,0.,0.));
#2307=DIRECTION('',(1.,0.,0.));
#2308=DIRECTION('center_axis',(0.,-0.992546151641322,0.121869343405147));
#2309=DIRECTION('ref_axis',(0.70710678118654,-0.0861746391405282,-0.701836114466198));
#2310=DIRECTION('center_axis',(0.,0.992546151641322,-0.12186934340515));
#2311=DIRECTION('ref_axis',(0.70710678118654,-0.0861746391405282,-0.701836114466198));
#2312=DIRECTION('',(0.,0.992546151641322,-0.121869343405147));
#2313=DIRECTION('center_axis',(1.,0.,0.));
#2314=DIRECTION('ref_axis',(0.,0.992546151641322,-0.121869343405148));
#2315=DIRECTION('',(0.,0.12186934340515,0.992546151641322));
#2316=DIRECTION('',(0.,-0.992546151641322,0.12186934340515));
#2317=DIRECTION('',(0.,0.,-1.));
#2318=DIRECTION('center_axis',(0.,0.992546151641322,-0.121869343405148));
#2319=DIRECTION('ref_axis',(-1.,0.,0.));
#2320=DIRECTION('',(1.,0.,0.));
#2321=DIRECTION('',(0.,0.121869343405148,0.992546151641322));
#2322=DIRECTION('',(-1.,0.,0.));
#2323=DIRECTION('',(0.,0.121869343405148,0.992546151641322));
#2324=DIRECTION('center_axis',(1.,0.,0.));
#2325=DIRECTION('ref_axis',(0.,0.992546151641322,-0.121869343405148));
#2326=DIRECTION('',(0.,-0.992546151641322,0.121869343405147));
#2327=DIRECTION('',(0.,-0.12186934340515,-0.992546151641322));
#2328=DIRECTION('',(0.,0.992546151641322,-0.121869343405148));
#2329=DIRECTION('',(0.,0.121869343405148,0.992546151641322));
#2330=DIRECTION('center_axis',(0.,-0.992546151641322,0.121869343405148));
#2331=DIRECTION('ref_axis',(1.,0.,0.));
#2332=DIRECTION('',(-1.,0.,0.));
#2333=DIRECTION('',(1.,0.,0.));
#2334=DIRECTION('',(0.,0.121869343405148,0.992546151641322));
#2335=DIRECTION('center_axis',(0.,0.121869343405148,0.992546151641322));
#2336=DIRECTION('ref_axis',(1.,0.,0.));
#2337=DIRECTION('',(0.,-0.992546151641322,0.121869343405148));
#2338=DIRECTION('center_axis',(0.,-0.992546151641322,0.12186934340515));
#2339=DIRECTION('ref_axis',(1.,0.,0.));
#2340=DIRECTION('',(-1.,0.,0.));
#2341=DIRECTION('',(0.,0.12186934340515,0.992546151641322));
#2342=DIRECTION('',(1.,0.,0.));
#2343=DIRECTION('center_axis',(0.,0.121869343405147,0.992546151641322));
#2344=DIRECTION('ref_axis',(1.,0.,0.));
#2345=DIRECTION('',(0.,0.992546151641322,-0.121869343405147));
#2346=DIRECTION('',(1.,0.,0.));
#2347=DIRECTION('',(0.,0.992546151641322,-0.121869343405147));
#2348=DIRECTION('',(-1.,0.,0.));
#2349=DIRECTION('',(0.,-0.992546151641322,0.121869343405147));
#2350=DIRECTION('',(1.,0.,0.));
#2351=DIRECTION('',(0.,-0.992546151641322,0.121869343405147));
#2352=DIRECTION('',(-1.,0.,0.));
#2353=DIRECTION('',(0.,0.992546151641322,-0.121869343405147));
#2354=DIRECTION('',(-1.,0.,0.));
#2355=DIRECTION('',(0.00739624739192381,-0.992519002911719,0.121866009960304));
#2356=DIRECTION('',(-1.,8.9064901654805E-16,-1.09357948415456E-16));
#2357=DIRECTION('',(0.00739624739192469,0.992519002911719,-0.121866009960304));
#2358=DIRECTION('',(0.,-0.992546151641322,0.121869343405147));
#2359=DIRECTION('',(-1.,0.,0.));
#2360=DIRECTION('',(0.,0.992546151641322,-0.121869343405147));
#2361=DIRECTION('',(1.,0.,0.));
#2362=DIRECTION('center_axis',(1.,0.,0.));
#2363=DIRECTION('ref_axis',(0.,0.992546151641322,-0.121869343405148));
#2364=DIRECTION('',(0.,0.121869343405148,0.992546151641322));
#2365=DIRECTION('',(0.,0.992546151641322,-0.121869343405148));
#2366=DIRECTION('',(0.,0.121869343405148,0.992546151641322));
#2367=DIRECTION('center_axis',(0.,-0.992546151641322,0.121869343405148));
#2368=DIRECTION('ref_axis',(1.,0.,0.));
#2369=DIRECTION('',(1.,0.,0.));
#2370=DIRECTION('',(0.,0.121869343405148,0.992546151641322));
#2371=DIRECTION('center_axis',(-1.,0.,0.));
#2372=DIRECTION('ref_axis',(0.,-0.992546151641322,0.121869343405148));
#2373=DIRECTION('',(0.,-0.992546151641322,0.121869343405148));
#2374=DIRECTION('',(0.,0.121869343405148,0.992546151641322));
#2375=DIRECTION('center_axis',(0.,0.992546151641322,-0.121869343405148));
#2376=DIRECTION('ref_axis',(-1.,0.,0.));
#2377=DIRECTION('',(-1.,0.,0.));
#2378=DIRECTION('center_axis',(0.,0.121869343405148,0.992546151641322));
#2379=DIRECTION('ref_axis',(1.,0.,0.));
#2380=DIRECTION('center_axis',(0.,0.992546151641322,-0.121869343405148));
#2381=DIRECTION('ref_axis',(-1.,0.,0.));
#2382=DIRECTION('',(1.,0.,0.));
#2383=DIRECTION('',(0.,0.121869343405148,0.992546151641322));
#2384=DIRECTION('',(-1.,0.,0.));
#2385=DIRECTION('',(0.,0.121869343405148,0.992546151641322));
#2386=DIRECTION('center_axis',(0.,-0.992546151641322,0.121869343405148));
#2387=DIRECTION('ref_axis',(1.,0.,0.));
#2388=DIRECTION('',(0.,0.121869343405148,0.992546151641322));
#2389=DIRECTION('',(1.,0.,0.));
#2390=DIRECTION('',(0.,0.121869343405148,0.992546151641322));
#2391=DIRECTION('center_axis',(-1.,0.,0.));
#2392=DIRECTION('ref_axis',(0.,-0.992546151641322,0.121869343405148));
#2393=DIRECTION('',(0.,-0.992546151641322,0.121869343405148));
#2394=DIRECTION('',(0.,0.12186934340515,0.992546151641322));
#2395=DIRECTION('center_axis',(0.,0.121869343405148,0.992546151641322));
#2396=DIRECTION('ref_axis',(1.,0.,0.));
#2397=DIRECTION('',(0.,0.992546151641322,-0.121869343405148));
#2398=DIRECTION('center_axis',(-1.,0.,0.));
#2399=DIRECTION('ref_axis',(0.,-0.992546151641322,0.121869343405148));
#2400=DIRECTION('',(0.,0.,1.));
#2401=DIRECTION('',(0.,-0.992546151641322,0.121869343405148));
#2402=DIRECTION('center_axis',(0.,0.12186934340515,0.992546151641322));
#2403=DIRECTION('ref_axis',(1.,0.,0.));
#2404=DIRECTION('',(1.,0.,0.));
#2405=DIRECTION('',(-1.,0.,0.));
#2406=DIRECTION('',(1.,0.,0.));
#2407=DIRECTION('',(-0.00739624739192469,-0.992519002911719,0.121866009960305));
#2408=DIRECTION('',(1.,-8.9064901654805E-16,1.09357948415457E-16));
#2409=DIRECTION('',(-0.0073962473919238,0.992519002911719,-0.121866009960305));
#2410=DIRECTION('',(1.,0.,0.));
#2411=DIRECTION('',(0.,0.992546151641322,-0.121869343405148));
#2412=DIRECTION('center_axis',(0.,0.992546151641322,-0.12186934340515));
#2413=DIRECTION('ref_axis',(-1.,0.,0.));
#2414=DIRECTION('center_axis',(1.,0.,0.));
#2415=DIRECTION('ref_axis',(0.,0.992546151641322,-0.121869343405148));
#2416=DIRECTION('',(0.,0.,-1.));
#2417=DIRECTION('center_axis',(0.,-0.992546151641322,0.12186934340515));
#2418=DIRECTION('ref_axis',(1.,0.,0.));
#2419=DIRECTION('',(0.,0.12186934340515,0.992546151641322));
#2420=DIRECTION('center_axis',(0.999972647388176,0.00734111688544114,-0.000901375813315806));
#2421=DIRECTION('ref_axis',(-0.00739624739192381,0.992519002911719,-0.121866009960305));
#2422=DIRECTION('',(0.,0.12186934340515,0.992546151641322));
#2423=DIRECTION('center_axis',(-8.97337635207421E-16,-0.992546151641322,
0.12186934340515));
#2424=DIRECTION('ref_axis',(1.,-8.9064901654805E-16,1.09357948415457E-16));
#2425=DIRECTION('',(0.,0.12186934340515,0.992546151641322));
#2426=DIRECTION('center_axis',(-0.999972647388176,0.00734111688544202,-0.000901375813315914));
#2427=DIRECTION('ref_axis',(-0.00739624739192469,-0.992519002911719,0.121866009960305));
#2428=DIRECTION('center_axis',(0.,1.,0.));
#2429=DIRECTION('ref_axis',(-1.,0.,0.));
#2430=DIRECTION('',(0.,0.,1.));
#2431=DIRECTION('',(1.,0.,0.));
#2432=DIRECTION('',(0.,0.,1.));
#2433=DIRECTION('center_axis',(0.,0.,1.));
#2434=DIRECTION('ref_axis',(1.,0.,0.));
#2435=DIRECTION('',(0.,0.,1.));
#2436=DIRECTION('center_axis',(0.,0.,1.));
#2437=DIRECTION('ref_axis',(1.,0.,0.));
#2438=DIRECTION('center_axis',(0.,0.,1.));
#2439=DIRECTION('ref_axis',(1.,0.,0.));
#2440=DIRECTION('center_axis',(0.,0.,1.));
#2441=DIRECTION('ref_axis',(1.,0.,0.));
#2442=DIRECTION('center_axis',(0.,0.,1.));
#2443=DIRECTION('ref_axis',(1.,0.,0.));
#2444=DIRECTION('',(0.,0.,1.));
#2445=DIRECTION('center_axis',(0.,0.,-1.));
#2446=DIRECTION('ref_axis',(1.,0.,0.));
#2447=DIRECTION('center_axis',(0.,0.,1.));
#2448=DIRECTION('ref_axis',(1.,0.,0.));
#2449=DIRECTION('',(0.,0.,1.));
#2450=DIRECTION('center_axis',(0.,0.,1.));
#2451=DIRECTION('ref_axis',(1.,0.,0.));
#2452=DIRECTION('center_axis',(0.,0.,1.));
#2453=DIRECTION('ref_axis',(1.,0.,0.));
#2454=DIRECTION('center_axis',(0.,0.,1.));
#2455=DIRECTION('ref_axis',(1.,0.,0.));
#2456=DIRECTION('center_axis',(0.,0.,1.));
#2457=DIRECTION('ref_axis',(1.,0.,0.));
#2458=DIRECTION('',(0.,0.,1.));
#2459=DIRECTION('center_axis',(0.,0.,-1.));
#2460=DIRECTION('ref_axis',(1.,0.,0.));
#2461=DIRECTION('center_axis',(0.,0.,1.));
#2462=DIRECTION('ref_axis',(1.,0.,0.));
#2463=DIRECTION('',(0.,0.,1.));
#2464=DIRECTION('center_axis',(0.,0.,1.));
#2465=DIRECTION('ref_axis',(1.,0.,0.));
#2466=DIRECTION('center_axis',(0.,0.,1.));
#2467=DIRECTION('ref_axis',(1.,0.,0.));
#2468=DIRECTION('center_axis',(0.,0.,1.));
#2469=DIRECTION('ref_axis',(1.,0.,0.));
#2470=DIRECTION('center_axis',(0.,0.,1.));
#2471=DIRECTION('ref_axis',(1.,0.,0.));
#2472=DIRECTION('',(0.,0.,1.));
#2473=DIRECTION('center_axis',(0.,0.,-1.));
#2474=DIRECTION('ref_axis',(1.,0.,0.));
#2475=DIRECTION('center_axis',(0.,0.,1.));
#2476=DIRECTION('ref_axis',(1.,0.,0.));
#2477=DIRECTION('',(0.,0.,1.));
#2478=DIRECTION('center_axis',(0.,0.,1.));
#2479=DIRECTION('ref_axis',(1.,0.,0.));
#2480=DIRECTION('center_axis',(0.,0.,1.));
#2481=DIRECTION('ref_axis',(1.,0.,0.));
#2482=DIRECTION('center_axis',(0.,0.,1.));
#2483=DIRECTION('ref_axis',(1.,0.,0.));
#2484=DIRECTION('center_axis',(0.,0.,1.));
#2485=DIRECTION('ref_axis',(1.,0.,0.));
#2486=DIRECTION('',(0.,0.,1.));
#2487=DIRECTION('center_axis',(0.,0.,-1.));
#2488=DIRECTION('ref_axis',(1.,0.,0.));
#2489=DIRECTION('center_axis',(0.,0.,1.));
#2490=DIRECTION('ref_axis',(1.,0.,0.));
#2491=DIRECTION('',(0.,0.,1.));
#2492=DIRECTION('center_axis',(0.,0.,1.));
#2493=DIRECTION('ref_axis',(1.,0.,0.));
#2494=DIRECTION('center_axis',(0.,0.,1.));
#2495=DIRECTION('ref_axis',(1.,0.,0.));
#2496=DIRECTION('center_axis',(0.,0.,1.));
#2497=DIRECTION('ref_axis',(1.,0.,0.));
#2498=DIRECTION('center_axis',(0.,0.,1.));
#2499=DIRECTION('ref_axis',(1.,0.,0.));
#2500=DIRECTION('',(0.,0.,1.));
#2501=DIRECTION('center_axis',(0.,0.,-1.));
#2502=DIRECTION('ref_axis',(1.,0.,0.));
#2503=DIRECTION('center_axis',(0.,0.,1.));
#2504=DIRECTION('ref_axis',(1.,0.,0.));
#2505=DIRECTION('',(0.,0.,1.));
#2506=DIRECTION('center_axis',(0.,0.,1.));
#2507=DIRECTION('ref_axis',(1.,0.,0.));
#2508=DIRECTION('center_axis',(0.,0.,1.));
#2509=DIRECTION('ref_axis',(1.,0.,0.));
#2510=DIRECTION('center_axis',(0.,0.,1.));
#2511=DIRECTION('ref_axis',(1.,0.,0.));
#2512=DIRECTION('center_axis',(0.,0.,1.));
#2513=DIRECTION('ref_axis',(1.,0.,0.));
#2514=DIRECTION('',(0.,0.,1.));
#2515=DIRECTION('center_axis',(0.,0.,-1.));
#2516=DIRECTION('ref_axis',(1.,0.,0.));
#2517=DIRECTION('center_axis',(0.,0.,1.));
#2518=DIRECTION('ref_axis',(1.,0.,0.));
#2519=DIRECTION('',(0.,0.,1.));
#2520=DIRECTION('center_axis',(0.,0.,1.));
#2521=DIRECTION('ref_axis',(1.,0.,0.));
#2522=DIRECTION('center_axis',(0.,0.,1.));
#2523=DIRECTION('ref_axis',(1.,0.,0.));
#2524=DIRECTION('center_axis',(0.,0.,1.));
#2525=DIRECTION('ref_axis',(1.,0.,0.));
#2526=DIRECTION('center_axis',(0.,0.,1.));
#2527=DIRECTION('ref_axis',(1.,0.,0.));
#2528=DIRECTION('',(0.,0.,1.));
#2529=DIRECTION('center_axis',(0.,0.,-1.));
#2530=DIRECTION('ref_axis',(1.,0.,0.));
#2531=DIRECTION('center_axis',(0.,0.,1.));
#2532=DIRECTION('ref_axis',(1.,0.,0.));
#2533=DIRECTION('',(0.,0.,1.));
#2534=DIRECTION('center_axis',(0.,0.,1.));
#2535=DIRECTION('ref_axis',(1.,0.,0.));
#2536=DIRECTION('center_axis',(0.,0.,1.));
#2537=DIRECTION('ref_axis',(1.,0.,0.));
#2538=DIRECTION('center_axis',(0.,0.,1.));
#2539=DIRECTION('ref_axis',(1.,0.,0.));
#2540=DIRECTION('center_axis',(0.,0.,1.));
#2541=DIRECTION('ref_axis',(1.,0.,0.));
#2542=DIRECTION('',(0.,0.,1.));
#2543=DIRECTION('center_axis',(0.,0.,-1.));
#2544=DIRECTION('ref_axis',(1.,0.,0.));
#2545=DIRECTION('center_axis',(-1.,0.,0.));
#2546=DIRECTION('ref_axis',(0.,-1.,0.));
#2547=DIRECTION('',(0.,1.,0.));
#2548=DIRECTION('',(0.,0.,1.));
#2549=DIRECTION('center_axis',(1.,0.,0.));
#2550=DIRECTION('ref_axis',(0.,1.,0.));
#2551=DIRECTION('',(0.,-1.,0.));
#2552=DIRECTION('',(0.,0.,-1.));
#2553=DIRECTION('center_axis',(0.,-1.,0.));
#2554=DIRECTION('ref_axis',(1.,0.,0.));
#2555=DIRECTION('',(-1.,0.,0.));
#2556=DIRECTION('center_axis',(-1.,0.,0.));
#2557=DIRECTION('ref_axis',(0.,-1.,0.));
#2558=DIRECTION('',(0.,-1.,0.));
#2559=DIRECTION('center_axis',(0.,0.,1.));
#2560=DIRECTION('ref_axis',(1.,0.,0.));
#2561=CARTESIAN_POINT('',(0.,0.,0.));
#2562=CARTESIAN_POINT('Origin',(115.600062737994,48.3202878920504,-6.42412358245749));
#2563=CARTESIAN_POINT('',(121.225062698501,48.350654124065,-6.1822829614566));
#2564=CARTESIAN_POINT('',(111.626612458159,52.3018116306785,-6.66742410096436));
#2565=CARTESIAN_POINT('Origin',(115.600062737994,48.349992166217,-6.1822016832529));
#2566=CARTESIAN_POINT('',(121.225062698501,48.4184453246225,-5.63016793934813));
#2567=CARTESIAN_POINT('',(121.225062698501,48.3209498498983,-6.42420486066119));
#2568=CARTESIAN_POINT('',(111.626612458159,52.369602831236,-6.11530907885589));
#2569=CARTESIAN_POINT('Origin',(115.600062737994,48.4177833667745,-5.63008666114443));
#2570=CARTESIAN_POINT('',(111.626612458159,52.2721073565119,-6.90934600016895));
#2571=CARTESIAN_POINT('Origin',(113.215992570076,50.6913795707438,-6.7152570330864));
#2572=CARTESIAN_POINT('',(115.243790510768,51.6887707923336,-6.59215215081263));
#2573=CARTESIAN_POINT('Origin',(113.215992570076,50.7210838449105,-6.4733351338818));
#2574=CARTESIAN_POINT('',(115.243790510768,51.7565619928911,-6.04003712870416));
#2575=CARTESIAN_POINT('Origin',(113.215992570076,50.7888750454679,-5.92122011177334));
#2576=CARTESIAN_POINT('',(115.243790510768,51.659066518167,-6.83407405001722));
#2577=CARTESIAN_POINT('Origin',(115.596876303499,48.327605590711,-6.42502208287435));
#2578=CARTESIAN_POINT('',(118.971874632987,48.3606428062917,-6.18350941741781));
#2579=CARTESIAN_POINT('Origin',(115.596876303499,48.3573098648776,-6.18310018366976));
#2580=CARTESIAN_POINT('',(118.971874632987,48.4284340068492,-5.63139439530933));
#2581=CARTESIAN_POINT('Origin',(115.596876303499,48.4251010654351,-5.6309851615613));
#2582=CARTESIAN_POINT('',(118.971874632987,48.330938532125,-6.42543131662239));
#2583=CARTESIAN_POINT('Origin',(118.971874632987,48.330938532125,-6.42543131662239));
#2584=CARTESIAN_POINT('',(118.973681033852,44.4526657356061,-5.70367016877507));
#2585=CARTESIAN_POINT('',(118.97298481681,45.9588653233916,-5.88860822379344));
#2586=CARTESIAN_POINT('',(118.973681033852,44.5204569361636,-5.15155514666659));
#2587=CARTESIAN_POINT('',(118.971874632987,48.4284340068492,-5.63139439530933));
#2588=CARTESIAN_POINT('',(118.973681033852,44.4229614614395,-5.94559206797965));
#2589=CARTESIAN_POINT('Origin',(117.379779885698,49.9609427686327,-6.62557067107186));
#2590=CARTESIAN_POINT('',(113.223015765656,45.9719453676555,-5.89021425128498));
#2591=CARTESIAN_POINT('Origin',(117.379779885698,49.9906470427993,-6.38364877186726));
#2592=CARTESIAN_POINT('',(113.223015765656,46.039736568213,-5.33809922917651));
#2593=CARTESIAN_POINT('Origin',(117.379779885698,50.0584382433568,-5.8315337497588));
#2594=CARTESIAN_POINT('',(113.223015765656,45.9422410934889,-6.13213615048956));
#2595=CARTESIAN_POINT('Origin',(112.426179197349,45.154009154365,-6.03535343795459));
#2596=CARTESIAN_POINT('',(111.632702881896,44.3921491065452,-5.6962396610485));
#2597=CARTESIAN_POINT('Origin',(112.426179197349,45.1837134285316,-5.79343153875));
#2598=CARTESIAN_POINT('',(111.632702881896,44.4599403071027,-5.14412463894002));
#2599=CARTESIAN_POINT('Origin',(112.426179197349,45.2515046290891,-5.24131651664153));
#2600=CARTESIAN_POINT('',(111.632702881896,44.3624448323786,-5.93816156025308));
#2601=CARTESIAN_POINT('Origin',(117.078729112715,49.7954165482948,-6.60524660678975));
#2602=CARTESIAN_POINT('',(118.974631787992,42.3957992441662,-5.45111871978771));
#2603=CARTESIAN_POINT('Origin',(117.078729112715,49.8251208224614,-6.36332470758516));
#2604=CARTESIAN_POINT('',(118.974631787992,42.4635904447236,-4.89900369767924));
#2605=CARTESIAN_POINT('Origin',(117.078729112715,49.8929120230189,-5.8112096854767));
#2606=CARTESIAN_POINT('',(118.974631787992,42.3660949699995,-5.69304061899229));
#2607=CARTESIAN_POINT('Origin',(118.974631787992,42.3660949699995,-5.69304061899229));
#2608=CARTESIAN_POINT('',(118.976107169764,39.2039510406936,-5.05920903965561));
#2609=CARTESIAN_POINT('',(118.974363394272,42.9764435422941,-5.52241287497413));
#2610=CARTESIAN_POINT('',(118.976107169764,39.2717422412511,-4.50709401754714));
#2611=CARTESIAN_POINT('',(118.974631787992,42.4635904447236,-4.89900369767924));
#2612=CARTESIAN_POINT('',(118.976107169764,39.174246766527,-5.30113093886019));
#2613=CARTESIAN_POINT('Origin',(124.60110655717,39.1768523822568,-5.30145086824346));
#2614=CARTESIAN_POINT('',(128.578456466977,35.2586037193532,-4.57478130119538));
#2615=CARTESIAN_POINT('Origin',(124.60110655717,39.2065566564234,-5.05952896903889));
#2616=CARTESIAN_POINT('',(128.578456466977,35.3263949199107,-4.02266627908691));
#2617=CARTESIAN_POINT('Origin',(124.60110655717,39.2743478569809,-4.5074139469304));
#2618=CARTESIAN_POINT('',(128.578456466977,35.2288994451866,-4.81670320039997));
#2619=CARTESIAN_POINT('Origin',(121.225427117502,45.1376245795323,-6.03334166512818));
#2620=CARTESIAN_POINT('',(121.225427117502,45.167328853699,-5.7914197659236));
#2621=CARTESIAN_POINT('',(121.225519249049,44.3625281142597,-5.69260266051721));
#2622=CARTESIAN_POINT('',(121.225427117502,45.2351200542565,-5.23930474381512));
#2623=CARTESIAN_POINT('',(121.225427117502,45.1376245795323,-6.03334166512818));
#2624=CARTESIAN_POINT('',(121.225427117502,45.2351200542565,-5.23930474381512));
#2625=CARTESIAN_POINT('Origin',(123.11691963368,37.7071956515205,-5.12099971188201));
#2626=CARTESIAN_POINT('',(128.583267293,43.1497291467844,-5.54368967183227));
#2627=CARTESIAN_POINT('Origin',(123.11691963368,37.7368999256871,-4.87907781267744));
#2628=CARTESIAN_POINT('',(128.583267293,43.2175203473419,-4.99157464972379));
#2629=CARTESIAN_POINT('',(128.583267293,43.1200248726178,-5.78561157103685));
#2630=CARTESIAN_POINT('Origin',(123.11691963368,37.8046911262446,-4.32696279056895));
#2631=CARTESIAN_POINT('Origin',(127.786834891612,42.3313906273896,-5.68877946152351));
#2632=CARTESIAN_POINT('',(126.975211503908,41.5878686560817,-5.35191731728973));
#2633=CARTESIAN_POINT('Origin',(127.786834891612,42.3610949015562,-5.44685756231892));
#2634=CARTESIAN_POINT('',(126.975211503908,41.6556598566392,-4.79980229518126));
#2635=CARTESIAN_POINT('',(126.975211503908,41.5581643819151,-5.59383921649432));
#2636=CARTESIAN_POINT('Origin',(127.786834891612,42.4288861021137,-4.89474254021045));
#2637=CARTESIAN_POINT('Origin',(122.859463320684,37.4980869000305,-5.09532438564935));
#2638=CARTESIAN_POINT('',(121.225669010852,43.054307884925,-5.53197341409405));
#2639=CARTESIAN_POINT('Origin',(122.859463320684,37.5277911741971,-4.85340248644478));
#2640=CARTESIAN_POINT('',(121.225669010852,43.1220990854824,-4.97985839198558));
#2641=CARTESIAN_POINT('',(121.225669010852,43.0246036107583,-5.77389531329863));
#2642=CARTESIAN_POINT('Origin',(122.859463320684,37.5955823747546,-4.30128746433629));
#2643=CARTESIAN_POINT('Origin',(121.226109027708,39.1809054959744,-5.30194852803157));
#2644=CARTESIAN_POINT('',(121.226109027616,39.210609770141,-5.06002662882698));
#2645=CARTESIAN_POINT('',(121.225860204184,41.3841685724875,-5.32690609196973));
#2646=CARTESIAN_POINT('',(121.226109027616,39.2784009706985,-4.50791160671851));
#2647=CARTESIAN_POINT('',(121.226109027616,39.1809054959744,-5.30194852803157));
#2648=CARTESIAN_POINT('',(121.226109027708,39.2784009706984,-4.5079116067185));
#2649=CARTESIAN_POINT('Origin',(124.60110655717,39.1768523822568,-5.30145086824346));
#2650=CARTESIAN_POINT('',(124.957155765842,35.8754064556255,-4.65051515433228));
#2651=CARTESIAN_POINT('Origin',(124.60110655717,39.2065566564234,-5.05952896903889));
#2652=CARTESIAN_POINT('',(124.957155765842,35.943197656183,-4.09840013222381));
#2653=CARTESIAN_POINT('',(124.957155765842,35.8457021814589,-4.89243705353686));
#2654=CARTESIAN_POINT('Origin',(124.60110655717,39.2743478569809,-4.5074139469304));
#2655=CARTESIAN_POINT('Origin',(126.98751650305,36.8080806200186,-5.01060226753785));
#2656=CARTESIAN_POINT('Origin',(126.98751650305,36.8377848941852,-4.76868036833328));
#2657=CARTESIAN_POINT('Origin',(126.98751650305,36.9055760947427,-4.21656534622479));
#2658=CARTESIAN_POINT('Origin',(120.101754536563,43.8460656119112,-5.06875030404153));
#2659=CARTESIAN_POINT('Ctrl Pts',(239.799350074506,89.7994600745058,-9.91520313639709));
#2660=CARTESIAN_POINT('Ctrl Pts',(240.517428395326,89.7994600745058,-9.91520313639709));
#2661=CARTESIAN_POINT('Ctrl Pts',(241.760184933129,89.1963791886269,-9.8781786255163));
#2662=CARTESIAN_POINT('Ctrl Pts',(242.199350074506,87.9380188151212,-9.80092501255704));
#2663=CARTESIAN_POINT('Ctrl Pts',(242.199350074506,87.3994600745059,-9.7678616633136));
#2664=CARTESIAN_POINT('Ctrl Pts',(239.799350074506,89.7994600745058,-10.1086853506182));
#2665=CARTESIAN_POINT('Ctrl Pts',(240.524616868029,89.7994600745058,-10.1086853506182));
#2666=CARTESIAN_POINT('Ctrl Pts',(241.777284490288,89.1827593398498,-10.0672983371563));
#2667=CARTESIAN_POINT('Ctrl Pts',(242.204273299764,87.915804261989,-9.98221338822479));
#2668=CARTESIAN_POINT('Ctrl Pts',(242.199350074506,87.3775821411379,-9.94604313179047));
#2669=CARTESIAN_POINT('Ctrl Pts',(239.799350074506,89.7037422003852,-10.4947295665848));
#2670=CARTESIAN_POINT('Ctrl Pts',(240.510168694882,89.7037422003852,-10.4947295665848));
#2671=CARTESIAN_POINT('Ctrl Pts',(241.734310515277,89.0883072608335,-10.4447238631014));
#2672=CARTESIAN_POINT('Ctrl Pts',(242.128970936098,87.8529266563678,-10.344100427568));
#2673=CARTESIAN_POINT('Ctrl Pts',(242.117151172181,87.3339066705053,-10.3017512950271));
#2674=CARTESIAN_POINT('Ctrl Pts',(239.799350074506,89.2414156772792,-11.0176572362783));
#2675=CARTESIAN_POINT('Ctrl Pts',(240.390999299241,89.2414156772792,-11.0176572362783));
#2676=CARTESIAN_POINT('Ctrl Pts',(241.408534889328,88.7254345025511,-10.9614390957065));
#2677=CARTESIAN_POINT('Ctrl Pts',(241.728131518603,87.7007720823483,-10.8495248552972));
#2678=CARTESIAN_POINT('Ctrl Pts',(241.715766564043,87.2724016976427,-10.802669101063));
#2679=CARTESIAN_POINT('Ctrl Pts',(239.799350074506,88.7412769031239,-11.1416278439782));
#2680=CARTESIAN_POINT('Ctrl Pts',(240.246020706762,88.7412769031239,-11.1416278439782));
#2681=CARTESIAN_POINT('Ctrl Pts',(241.016393424708,88.3594021445974,-11.0948910408397));
#2682=CARTESIAN_POINT('Ctrl Pts',(241.27334656417,87.5820861600146,-10.9993908059665));
#2683=CARTESIAN_POINT('Ctrl Pts',(241.268629444814,87.2532168624197,-10.9589170452832));
#2684=CARTESIAN_POINT('Ctrl Pts',(239.799350074506,88.4532168624196,-11.1062585183667));
#2685=CARTESIAN_POINT('Ctrl Pts',(240.158389234916,88.4532168624196,-11.1062585183667));
#2686=CARTESIAN_POINT('Ctrl Pts',(240.779767503817,88.1516764194802,-11.0692340074859));
#2687=CARTESIAN_POINT('Ctrl Pts',(240.999350074506,87.5224962327273,-10.9919803945266));
#2688=CARTESIAN_POINT('Ctrl Pts',(240.999350074506,87.2532168624197,-10.9589170452832));
#2689=CARTESIAN_POINT('',(240.999350074506,87.2532168624196,-10.9589170452832));
#2690=CARTESIAN_POINT('',(239.799350074506,88.4532168624196,-11.1062585183667));
#2691=CARTESIAN_POINT('Origin',(239.799350074506,87.2532168624196,-10.9589170452832));
#2692=CARTESIAN_POINT('',(239.799350074506,89.7994600745058,-9.91520313639708));
#2693=CARTESIAN_POINT('Origin',(239.799350074506,88.5994600745058,-9.91520313639708));
#2694=CARTESIAN_POINT('',(242.199350074506,87.3994600745058,-9.76786166331359));
#2695=CARTESIAN_POINT('Origin',(239.799350074506,87.3994600745058,-9.7678616633136));
#2696=CARTESIAN_POINT('Origin',(240.999350074506,87.3994600745058,-9.7678616633136));
#2697=CARTESIAN_POINT('Ctrl Pts',(-2.00000002980234,87.3994600745058,-9.7678616633136));
#2698=CARTESIAN_POINT('Ctrl Pts',(-2.00000002980234,87.9380188151212,-9.80092501255704));
#2699=CARTESIAN_POINT('Ctrl Pts',(-1.56121510679853,89.1966960745128,-9.87819807986348));
#2700=CARTESIAN_POINT('Ctrl Pts',(-0.318078350622861,89.7994600745058,-9.91520313639709));
#2701=CARTESIAN_POINT('Ctrl Pts',(0.399999970197662,89.7994600745058,-9.91520313639709));
#2702=CARTESIAN_POINT('Ctrl Pts',(-2.00000002980234,87.3775821411378,-9.94604313179046));
#2703=CARTESIAN_POINT('Ctrl Pts',(-2.00492325506091,87.915804261989,-9.98221338822479));
#2704=CARTESIAN_POINT('Ctrl Pts',(-1.57832047071324,89.1830522941775,-10.067317403854));
#2705=CARTESIAN_POINT('Ctrl Pts',(-0.325266823325156,89.7994600745058,-10.1086853506182));
#2706=CARTESIAN_POINT('Ctrl Pts',(0.399999970197662,89.7994600745058,-10.1086853506182));
#2707=CARTESIAN_POINT('Ctrl Pts',(-1.91782048007632,87.3339035412015,-10.3017767811605));
#2708=CARTESIAN_POINT('Ctrl Pts',(-1.92964024399346,87.852923527064,-10.3441259137014));
#2709=CARTESIAN_POINT('Ctrl Pts',(-1.53538240628049,89.0885861366671,-10.4447663874232));
#2710=CARTESIAN_POINT('Ctrl Pts',(-0.310818650178988,89.703764798759,-10.4947649762763));
#2711=CARTESIAN_POINT('Ctrl Pts',(0.399999970197662,89.703764798759,-10.4947649762763));
#2712=CARTESIAN_POINT('Ctrl Pts',(-1.51643501192911,87.2723968495512,-10.8027085855995));
#2713=CARTESIAN_POINT('Ctrl Pts',(-1.52879996648975,87.7007672342567,-10.8495643398338));
#2714=CARTESIAN_POINT('Ctrl Pts',(-1.20955981097266,88.72566394761,-10.9615119142728));
#2715=CARTESIAN_POINT('Ctrl Pts',(-0.191649254537977,89.2414350429463,-11.0177120535514));
#2716=CARTESIAN_POINT('Ctrl Pts',(0.399999970197662,89.2414350429463,-11.0177120535514));
#2717=CARTESIAN_POINT('Ctrl Pts',(-1.06927940011004,87.2532168624196,-10.9589170452832));
#2718=CARTESIAN_POINT('Ctrl Pts',(-1.07399651946603,87.5820861600146,-10.9993908059665));
#2719=CARTESIAN_POINT('Ctrl Pts',(-0.81726257500921,88.3595659034135,-11.0948778981387));
#2720=CARTESIAN_POINT('Ctrl Pts',(-0.0466706620589507,88.7412769031239,
-11.1416278439782));
#2721=CARTESIAN_POINT('Ctrl Pts',(0.399999970197662,88.7412769031239,-11.1416278439782));
#2722=CARTESIAN_POINT('Ctrl Pts',(-0.800000029802348,87.2532168624196,-10.9589170452832));
#2723=CARTESIAN_POINT('Ctrl Pts',(-0.800000029802346,87.5224962327273,-10.9919803945266));
#2724=CARTESIAN_POINT('Ctrl Pts',(-0.580607568300439,88.1518348624231,-11.069253461833));
#2725=CARTESIAN_POINT('Ctrl Pts',(0.0409608097874004,88.4532168624196,-11.1062585183667));
#2726=CARTESIAN_POINT('Ctrl Pts',(0.399999970197662,88.4532168624196,-11.1062585183667));
#2727=CARTESIAN_POINT('',(0.399999970197662,88.4532168624196,-11.1062585183667));
#2728=CARTESIAN_POINT('',(-0.80000002980233,87.2532168624196,-10.9589170452832));
#2729=CARTESIAN_POINT('Origin',(0.399999970197662,87.2532168624196,-10.9589170452832));
#2730=CARTESIAN_POINT('',(-2.00000002980232,87.3994600745058,-9.76786166331359));
#2731=CARTESIAN_POINT('Origin',(-0.80000002980233,87.3994600745058,-9.76786166331359));
#2732=CARTESIAN_POINT('',(0.399999970197662,89.7994600745058,-9.91520313639708));
#2733=CARTESIAN_POINT('Origin',(0.399999970197662,87.3994600745058,-9.7678616633136));
#2734=CARTESIAN_POINT('Origin',(0.399999970197662,88.5994600745058,-9.91520313639708));
#2735=CARTESIAN_POINT('Ctrl Pts',(242.199350074506,0.399999970197665,0.914328844383656));
#2736=CARTESIAN_POINT('Ctrl Pts',(242.199350074506,-0.138558770417726,0.947392193627097));
#2737=CARTESIAN_POINT('Ctrl Pts',(241.760257435797,-1.39697956991493,1.02464951627577));
#2738=CARTESIAN_POINT('Ctrl Pts',(240.517428395326,-2.00000002980232,1.06167031746714));
#2739=CARTESIAN_POINT('Ctrl Pts',(239.799350074506,-2.00000002980232,1.06167031746714));
#2740=CARTESIAN_POINT('Ctrl Pts',(242.199350074506,0.356244103461731,0.557965907429917));
#2741=CARTESIAN_POINT('Ctrl Pts',(242.189231155881,-0.182396915264123,0.597367972700633));
#2742=CARTESIAN_POINT('Ctrl Pts',(241.729556137123,-1.42131631714714,0.688093849263117));
#2743=CARTESIAN_POINT('Ctrl Pts',(240.506064861113,-2.00000002980232,0.730556425088784));
#2744=CARTESIAN_POINT('Ctrl Pts',(239.799350074506,-2.00000002980232,0.730556425088784));
#2745=CARTESIAN_POINT('Ctrl Pts',(241.897774627425,0.280522260341007,-0.0587390151100175));
#2746=CARTESIAN_POINT('Ctrl Pts',(241.882171556372,-0.188145367694078,-0.00924678844072037));
#2747=CARTESIAN_POINT('Ctrl Pts',(241.465917724983,-1.25514906824782,0.103652623966921));
#2748=CARTESIAN_POINT('Ctrl Pts',(240.407924226916,-1.74586432099888,0.155773311660821));
#2749=CARTESIAN_POINT('Ctrl Pts',(239.799350074506,-1.74586432099888,0.155773311660821));
#2750=CARTESIAN_POINT('Ctrl Pts',(241.268629444814,0.253756758111492,-0.27672653758594));
#2751=CARTESIAN_POINT('Ctrl Pts',(241.263981936018,-0.0749192214611401,
-0.236284945906934));
#2752=CARTESIAN_POINT('Ctrl Pts',(240.985492163023,-0.834677725064249,-0.142958851218298));
#2753=CARTESIAN_POINT('Ctrl Pts',(240.23313185634,-1.19272760661482,-0.0991205900101026));
#2754=CARTESIAN_POINT('Ctrl Pts',(239.799350074506,-1.19272760661482,-0.0991205900101026));
#2755=CARTESIAN_POINT('Ctrl Pts',(240.999350074506,0.253756758111493,-0.27672653758594));
#2756=CARTESIAN_POINT('Ctrl Pts',(240.999350074506,-0.0155226121962003,
-0.243663188342499));
#2757=CARTESIAN_POINT('Ctrl Pts',(240.779803755151,-0.64473301194479,-0.166405865693833));
#2758=CARTESIAN_POINT('Ctrl Pts',(240.158389234916,-0.946243241888487,-0.129385064502457));
#2759=CARTESIAN_POINT('Ctrl Pts',(239.799350074506,-0.946243241888487,-0.129385064502456));
#2760=CARTESIAN_POINT('',(239.799350074506,-2.00000002980232,1.06167031746713));
#2761=CARTESIAN_POINT('',(242.199350074506,0.399999970197678,0.914328844383645));
#2762=CARTESIAN_POINT('Origin',(239.799350074506,0.399999970197677,0.914328844383656));
#2763=CARTESIAN_POINT('',(239.799350074506,-0.946243241888498,-0.129385064502455));
#2764=CARTESIAN_POINT('Origin',(239.799350074506,-0.800000029802321,1.06167031746713));
#2765=CARTESIAN_POINT('',(240.999350074506,0.253756758111487,-0.27672653758594));
#2766=CARTESIAN_POINT('Origin',(239.799350074506,0.253756758111499,-0.276726537585941));
#2767=CARTESIAN_POINT('Origin',(240.999350074506,0.399999970197675,0.914328844383646));
#2768=CARTESIAN_POINT('Ctrl Pts',(0.399999970197681,-2.00000002980232,1.06167031746713));
#2769=CARTESIAN_POINT('Ctrl Pts',(-0.138558770417713,-2.00000002980232,
1.06167031746713));
#2770=CARTESIAN_POINT('Ctrl Pts',(-1.39875782531052,-1.56304104678431,1.03484440903591));
#2771=CARTESIAN_POINT('Ctrl Pts',(-2.00000002980232,-0.318078350622845,
0.958413310041568));
#2772=CARTESIAN_POINT('Ctrl Pts',(-2.00000002980232,0.39999997019768,0.914328844383647));
#2773=CARTESIAN_POINT('Ctrl Pts',(0.399999970197681,-2.00000002980232,0.730556425088779));
#2774=CARTESIAN_POINT('Ctrl Pts',(-0.13003611975801,-2.00000002980232,0.730556425088779));
#2775=CARTESIAN_POINT('Ctrl Pts',(-1.36821563778777,-1.57941872351228,0.699562200642265));
#2776=CARTESIAN_POINT('Ctrl Pts',(-1.98650813830203,-0.361943921506062,
0.610501994457534));
#2777=CARTESIAN_POINT('Ctrl Pts',(-2.00000002980232,0.356244103461746,0.557965907429911));
#2778=CARTESIAN_POINT('Ctrl Pts',(0.39999997019768,-1.74650506519118,0.155104118962947));
#2779=CARTESIAN_POINT('Ctrl Pts',(-0.0564306441096266,-1.74650506519118,
0.155104118962947));
#2780=CARTESIAN_POINT('Ctrl Pts',(-1.12530781370765,-1.39142639639246,0.117405735836931));
#2781=CARTESIAN_POINT('Ctrl Pts',(-1.67842813704496,-0.34448600968424,0.00628877874077017));
#2782=CARTESIAN_POINT('Ctrl Pts',(-1.69923223178185,0.280404161029212,-0.0597008568182933));
#2783=CARTESIAN_POINT('Ctrl Pts',(0.39999997019768,-1.19272760661483,-0.099120590010101));
#2784=CARTESIAN_POINT('Ctrl Pts',(0.0746636338222322,-1.19272760661483,
-0.099120590010101));
#2785=CARTESIAN_POINT('Ctrl Pts',(-0.686893750182901,-0.933531186949744,
-0.131000708452129));
#2786=CARTESIAN_POINT('Ctrl Pts',(-1.06308272171612,-0.184477881318678,
-0.222804415347263));
#2787=CARTESIAN_POINT('Ctrl Pts',(-1.06927940011003,0.253756758111503,-0.276726537585938));
#2788=CARTESIAN_POINT('Ctrl Pts',(0.399999970197679,-0.946243241888496,
-0.129385064502455));
#2789=CARTESIAN_POINT('Ctrl Pts',(0.130720599889983,-0.946243241888496,
-0.129385064502455));
#2790=CARTESIAN_POINT('Ctrl Pts',(-0.499378927556418,-0.727763750379497,
-0.156210972933678));
#2791=CARTESIAN_POINT('Ctrl Pts',(-0.800000029802332,-0.105282402298762,
-0.232642071928018));
#2792=CARTESIAN_POINT('Ctrl Pts',(-0.80000002980233,0.253756758111503,-0.27672653758594));
#2793=CARTESIAN_POINT('',(0.399999970197678,-2.00000002980232,1.06167031746713));
#2794=CARTESIAN_POINT('',(0.39999997019768,-0.946243241888498,-0.129385064502455));
#2795=CARTESIAN_POINT('Origin',(0.39999997019768,-0.800000029802321,1.06167031746713));
#2796=CARTESIAN_POINT('',(-2.00000002980232,0.39999997019768,0.914328844383646));
#2797=CARTESIAN_POINT('Origin',(0.399999970197678,0.39999997019768,0.914328844383647));
#2798=CARTESIAN_POINT('',(-0.80000002980233,0.253756758111505,-0.276726537585941));
#2799=CARTESIAN_POINT('Origin',(-0.80000002980233,0.39999997019768,0.914328844383646));
#2800=CARTESIAN_POINT('Origin',(0.399999970197678,0.253756758111503,-0.276726537585941));
#2801=CARTESIAN_POINT('Origin',(0.399999970197678,0.39999997019768,0.));
#2802=CARTESIAN_POINT('',(0.399999970197678,-2.00000002980232,10.));
#2803=CARTESIAN_POINT('',(-2.00000002980232,0.39999997019768,10.));
#2804=CARTESIAN_POINT('Origin',(0.399999970197678,0.39999997019768,10.));
#2805=CARTESIAN_POINT('',(-2.00000002980232,0.39999997019768,0.));
#2806=CARTESIAN_POINT('',(0.399999970197678,-2.00000002980232,0.));
#2807=CARTESIAN_POINT('Origin',(-0.80000002980233,66.1430643740949,-7.15790445086025));
#2808=CARTESIAN_POINT('',(-2.00000002980232,66.1430643740949,-7.15790445086025));
#2809=CARTESIAN_POINT('',(-0.80000002980233,65.9968211620087,-8.34895983282984));
#2810=CARTESIAN_POINT('Origin',(59.0498374962747,-0.800000029802321,1.06167031746713));
#2811=CARTESIAN_POINT('',(59.0498374962747,-2.00000002980232,1.06167031746713));
#2812=CARTESIAN_POINT('',(59.0498374962747,-0.946243241888498,-0.129385064502455));
#2813=CARTESIAN_POINT('Origin',(240.999350074506,20.9250433946044,-1.60582959999518));
#2814=CARTESIAN_POINT('',(242.199350074506,20.9250433946044,-1.60582959999518));
#2815=CARTESIAN_POINT('',(240.999350074506,20.7788001825182,-2.79688498196477));
#2816=CARTESIAN_POINT('Origin',(239.799350074506,0.399999970197678,0.));
#2817=CARTESIAN_POINT('',(242.199350074506,0.399999970197678,10.));
#2818=CARTESIAN_POINT('',(239.799350074506,-2.00000002980232,10.));
#2819=CARTESIAN_POINT('Origin',(239.799350074506,0.399999970197678,10.));
#2820=CARTESIAN_POINT('',(239.799350074506,-2.00000002980232,0.));
#2821=CARTESIAN_POINT('',(242.199350074506,0.399999970197678,0.));
#2822=CARTESIAN_POINT('Origin',(0.399999970197662,87.3994600745058,0.));
#2823=CARTESIAN_POINT('',(-2.00000002980232,87.3994600745058,10.));
#2824=CARTESIAN_POINT('',(0.399999970197662,89.7994600745058,10.));
#2825=CARTESIAN_POINT('Origin',(0.399999970197662,87.3994600745058,10.));
#2826=CARTESIAN_POINT('',(0.399999970197662,89.7994600745058,0.));
#2827=CARTESIAN_POINT('',(-2.00000002980232,87.3994600745058,0.));
#2828=CARTESIAN_POINT('Origin',(181.149512548429,88.5994600745058,-9.91520313639708));
#2829=CARTESIAN_POINT('',(125.599675022352,89.7928218433358,-10.0412495115732));
#2830=CARTESIAN_POINT('',(126.548290115028,89.7994600745058,-9.91520313639708));
#2831=CARTESIAN_POINT('Ctrl Pts',(125.599675022352,89.7928218433357,-10.0412495115732));
#2832=CARTESIAN_POINT('Ctrl Pts',(125.858478347554,89.7928218433357,-10.0412495115732));
#2833=CARTESIAN_POINT('Ctrl Pts',(126.114663542212,89.7966881141252,-10.0130576872686));
#2834=CARTESIAN_POINT('Ctrl Pts',(126.423982663198,89.7991136134299,-9.94658387485465));
#2835=CARTESIAN_POINT('Ctrl Pts',(126.481271078414,89.7994237956387,-9.93287080459101));
#2836=CARTESIAN_POINT('Ctrl Pts',(126.541582412528,89.7994590781059,-9.91698432637303));
#2837=CARTESIAN_POINT('Ctrl Pts',(126.544936854744,89.7994600745058,-9.91609596094034));
#2838=CARTESIAN_POINT('Ctrl Pts',(126.548290115028,89.7994600745058,-9.91520313639708));
#2839=CARTESIAN_POINT('',(181.149512548429,89.7994600745058,-9.91520313639708));
#2840=CARTESIAN_POINT('',(181.149512548429,88.4532168624196,-11.1062585183667));
#2841=CARTESIAN_POINT('',(113.701194174984,89.7994600745058,-9.91520313639708));
#2842=CARTESIAN_POINT('',(181.149512548429,89.7994600745058,-9.91520313639708));
#2843=CARTESIAN_POINT('',(114.64995111485,89.7928218433358,-10.0412495115732));
#2844=CARTESIAN_POINT('Ctrl Pts',(113.701194174984,89.7994600745058,-9.91520313639708));
#2845=CARTESIAN_POINT('Ctrl Pts',(113.704545371942,89.7994600745058,-9.91609516877299));
#2846=CARTESIAN_POINT('Ctrl Pts',(113.707897750069,89.7994590798724,-9.91698275116235));
#2847=CARTESIAN_POINT('Ctrl Pts',(113.767707881889,89.799424130568,-9.93273310655353));
#2848=CARTESIAN_POINT('Ctrl Pts',(113.824491195297,89.7991192163301,-9.94633427208366));
#2849=CARTESIAN_POINT('Ctrl Pts',(114.133825399049,89.7967079173735,-10.0129324072207));
#2850=CARTESIAN_POINT('Ctrl Pts',(114.390576113219,89.7928218433358,-10.0412495115732));
#2851=CARTESIAN_POINT('Ctrl Pts',(114.64995111485,89.7928218433358,-10.0412495115732));
#2852=CARTESIAN_POINT('',(181.149512548429,89.7928218433358,-10.0412495115732));
#2853=CARTESIAN_POINT('Origin',(239.799350074506,87.3994600745058,0.));
#2854=CARTESIAN_POINT('',(239.799350074506,89.7994600745058,10.));
#2855=CARTESIAN_POINT('',(242.199350074506,87.3994600745058,10.));
#2856=CARTESIAN_POINT('Origin',(239.799350074506,87.3994600745058,10.));
#2857=CARTESIAN_POINT('',(242.199350074506,87.3994600745058,0.));
#2858=CARTESIAN_POINT('',(239.799350074506,89.7994600745058,0.));
#2859=CARTESIAN_POINT('Origin',(-2.00000002980232,-2.00000002980232,0.));
#2860=CARTESIAN_POINT('',(-2.00000002980232,-2.00000002980232,10.));
#2861=CARTESIAN_POINT('Origin',(242.199350074506,-2.00000002980232,0.));
#2862=CARTESIAN_POINT('',(242.199350074506,-2.00000002980232,10.));
#2863=CARTESIAN_POINT('Ctrl Pts',(127.599675022352,89.7994600745058,-8.14126201366943));
#2864=CARTESIAN_POINT('Ctrl Pts',(127.599675022352,89.7994600745058,-8.59343136596672));
#2865=CARTESIAN_POINT('Ctrl Pts',(127.233780241525,89.7994600745058,-9.6500040256686));
#2866=CARTESIAN_POINT('Ctrl Pts',(126.198073623036,89.7994600745058,-10.1562816645871));
#2867=CARTESIAN_POINT('Ctrl Pts',(125.599675022352,89.7994600745058,-10.1562816645871));
#2868=CARTESIAN_POINT('Ctrl Pts',(127.30047572201,89.7994600745058,-8.14126201366943));
#2869=CARTESIAN_POINT('Ctrl Pts',(127.305797654242,89.7992454225162,-8.52650291716429));
#2870=CARTESIAN_POINT('Ctrl Pts',(127.00537679974,89.7991450125219,-9.43677339094297));
#2871=CARTESIAN_POINT('Ctrl Pts',(126.114635473474,89.7994600745058,-9.8803534209385));
#2872=CARTESIAN_POINT('Ctrl Pts',(125.599675022352,89.7994600745058,-9.8803534209385));
#2873=CARTESIAN_POINT('Ctrl Pts',(126.782691869623,89.5481502259023,-8.14126201366943));
#2874=CARTESIAN_POINT('Ctrl Pts',(126.796485415813,89.5574811741262,-8.41153954446877));
#2875=CARTESIAN_POINT('Ctrl Pts',(126.608645477557,89.5783807506515,-9.0682081698206));
#2876=CARTESIAN_POINT('Ctrl Pts',(125.97057262554,89.5876827162158,-9.40136498752004));
#2877=CARTESIAN_POINT('Ctrl Pts',(125.599675022352,89.5876827162158,-9.40136498752004));
#2878=CARTESIAN_POINT('Ctrl Pts',(126.599675022352,89.0238595497622,-8.14126201366943));
#2879=CARTESIAN_POINT('Ctrl Pts',(126.605869732142,89.0473562689394,-8.37052351035285));
#2880=CARTESIAN_POINT('Ctrl Pts',(126.435804191312,89.1014552324568,-8.91786131309525));
#2881=CARTESIAN_POINT('Ctrl Pts',(125.906302293945,89.1267330551829,-9.18895590835611));
#2882=CARTESIAN_POINT('Ctrl Pts',(125.599675022352,89.1267330551829,-9.18895590835611));
#2883=CARTESIAN_POINT('Ctrl Pts',(126.599675022352,88.7994600745058,-8.14126201366943));
#2884=CARTESIAN_POINT('Ctrl Pts',(126.599675022352,88.8268074912157,-8.37070453037064));
#2885=CARTESIAN_POINT('Ctrl Pts',(126.416727631939,88.8907095063842,-8.90683704109485));
#2886=CARTESIAN_POINT('Ctrl Pts',(125.898874322694,88.921329417911,-9.16373551294581));
#2887=CARTESIAN_POINT('Ctrl Pts',(125.599675022352,88.921329417911,-9.16373551294581));
#2888=CARTESIAN_POINT('',(125.599675022352,88.921329417911,-9.1637355129458));
#2889=CARTESIAN_POINT('Origin',(125.599675022352,88.7994600745058,-10.1562816645871));
#2890=CARTESIAN_POINT('',(126.599675022352,88.7994600745058,-8.14126201366943));
#2891=CARTESIAN_POINT('Origin',(125.599675022352,88.7994600745058,-8.14126201366943));
#2892=CARTESIAN_POINT('',(127.599675022352,89.7994600745058,-8.14126201366943));
#2893=CARTESIAN_POINT('Origin',(127.599675022352,88.7994600745058,-8.14126201366943));
#2894=CARTESIAN_POINT('Origin',(125.599675022352,89.7994600745058,-8.14126201366943));
#2895=CARTESIAN_POINT('Origin',(120.099675022352,43.5576003948387,-5.59376996392953));
#2896=CARTESIAN_POINT('',(78.9000000372529,85.2994600745058,-10.7190258759681));
#2897=CARTESIAN_POINT('Origin',(80.9000000372529,85.2994600745058,-10.7190258759681));
#2898=CARTESIAN_POINT('',(0.500000037252902,2.5000000372529,-0.552530532296418));
#2899=CARTESIAN_POINT('Origin',(2.5000000372529,2.5000000372529,-0.552530532296418));
#2900=CARTESIAN_POINT('',(78.9000000372529,2.5000000372529,-0.552530532296418));
#2901=CARTESIAN_POINT('Origin',(80.9000000372529,2.5000000372529,-0.552530532296418));
#2902=CARTESIAN_POINT('',(235.699350074506,2.5000000372529,-0.552530532296418));
#2903=CARTESIAN_POINT('Origin',(237.699350074506,2.5000000372529,-0.552530532296418));
#2904=CARTESIAN_POINT('',(0.50000003725291,85.2994600745058,-10.7190258759681));
#2905=CARTESIAN_POINT('Origin',(2.5000000372529,85.2994600745058,-10.7190258759681));
#2906=CARTESIAN_POINT('',(157.299350074506,85.2994600745058,-10.7190258759681));
#2907=CARTESIAN_POINT('Origin',(159.299350074506,85.2994600745058,-10.7190258759681));
#2908=CARTESIAN_POINT('',(157.299350074506,2.5000000372529,-0.552530532296418));
#2909=CARTESIAN_POINT('Origin',(159.299350074506,2.5000000372529,-0.552530532296418));
#2910=CARTESIAN_POINT('',(235.699350074506,85.2994600745058,-10.7190258759681));
#2911=CARTESIAN_POINT('Origin',(237.699350074506,85.2994600745058,-10.7190258759681));
#2912=CARTESIAN_POINT('Ctrl Pts',(112.646062321706,89.7994600745058,-3.10371288637519));
#2913=CARTESIAN_POINT('Ctrl Pts',(112.64581429395,89.7994600745058,-2.65154353407789));
#2914=CARTESIAN_POINT('Ctrl Pts',(113.011111770714,89.7994600745058,-1.59495287138265));
#2915=CARTESIAN_POINT('Ctrl Pts',(114.046572622576,89.7994600745058,-1.08869323545748));
#2916=CARTESIAN_POINT('Ctrl Pts',(114.644977284587,89.7994600745058,-1.08869323545749));
#2917=CARTESIAN_POINT('Ctrl Pts',(112.796087413627,89.7994600745058,-3.10363059334346));
#2918=CARTESIAN_POINT('Ctrl Pts',(112.798466883536,89.7994695504626,-2.6848897326233));
#2919=CARTESIAN_POINT('Ctrl Pts',(113.142825811518,89.7994745686945,-1.7114811806402));
#2920=CARTESIAN_POINT('Ctrl Pts',(114.095202618655,89.7994606096326,-1.25005693132626));
#2921=CARTESIAN_POINT('Ctrl Pts',(114.644977284587,89.7994600745058,-1.24992841397506));
#2922=CARTESIAN_POINT('Ctrl Pts',(113.095548725316,89.7306059111934,-3.10346633029312));
#2923=CARTESIAN_POINT('Ctrl Pts',(113.103151077483,89.7281829575828,-2.75148606729779));
#2924=CARTESIAN_POINT('Ctrl Pts',(113.4056691975,89.7223969510708,-1.94406443528473));
#2925=CARTESIAN_POINT('Ctrl Pts',(114.192286018782,89.7196268417793,-1.57197242604594));
#2926=CARTESIAN_POINT('Ctrl Pts',(114.644977284587,89.7197556398474,-1.57158879823092));
#2927=CARTESIAN_POINT('Ctrl Pts',(113.516721065404,89.3942494219502,-3.10323530528055));
#2928=CARTESIAN_POINT('Ctrl Pts',(113.528130355435,89.3807608351352,-2.84498760244532));
#2929=CARTESIAN_POINT('Ctrl Pts',(113.762832416843,89.348790916405,-2.26415272337991));
#2930=CARTESIAN_POINT('Ctrl Pts',(114.323504786725,89.3336909184771,-2.00786798778833));
#2931=CARTESIAN_POINT('Ctrl Pts',(114.644977284587,89.3343954237942,-2.00733893176885));
#2932=CARTESIAN_POINT('Ctrl Pts',(113.647057516817,89.0200281401543,-3.10316381202836));
#2933=CARTESIAN_POINT('Ctrl Pts',(113.653066873796,88.9965540315257,-2.87419294997482));
#2934=CARTESIAN_POINT('Ctrl Pts',(113.850541476062,88.9416884080492,-2.35069907322703));
#2935=CARTESIAN_POINT('Ctrl Pts',(114.355117516274,88.9164543946035,-2.11090162266932));
#2936=CARTESIAN_POINT('Ctrl Pts',(114.644977284587,88.9176407650209,-2.11071382510843));
#2937=CARTESIAN_POINT('Ctrl Pts',(113.646052192561,88.7949927140019,-3.10316436347732));
#2938=CARTESIAN_POINT('Ctrl Pts',(113.645804164806,88.7676452972919,-2.87372184677611));
#2939=CARTESIAN_POINT('Ctrl Pts',(113.828166824169,88.7045594373499,-2.33768054581632));
#2940=CARTESIAN_POINT('Ctrl Pts',(114.345768892285,88.6762540999635,-2.08107526943154));
#2941=CARTESIAN_POINT('Ctrl Pts',(114.644977284587,88.6775907311006,-2.0812393870988));
#2942=CARTESIAN_POINT('',(113.646052192561,88.7949927140019,-3.10316436347731));
#2943=CARTESIAN_POINT('',(112.646062321706,89.7994600745058,-3.10371288637519));
#2944=CARTESIAN_POINT('Origin',(112.646062321706,88.7994600745058,-3.10371288637519));
#2945=CARTESIAN_POINT('',(114.644977284587,89.7994600745058,-1.08869323545748));
#2946=CARTESIAN_POINT('Origin',(114.646082580201,89.7994600745058,-3.10371288637518));
#2947=CARTESIAN_POINT('',(114.644977284587,88.6775907311006,-2.08123938709881));
#2948=CARTESIAN_POINT('Origin',(114.644977284587,88.7994600745058,-1.08869323545749));
#2949=CARTESIAN_POINT('Origin',(114.646082580201,88.7994600745058,-3.10371288637518));
#2950=CARTESIAN_POINT('Origin',(181.149512548429,88.7994600745058,-1.08869323545749));
#2951=CARTESIAN_POINT('',(125.599675022352,89.7994600745058,-1.08869323545749));
#2952=CARTESIAN_POINT('',(125.599675022352,88.6775907311007,-2.08123938709881));
#2953=CARTESIAN_POINT('Origin',(125.599675022352,88.7994600745058,-1.08869323545749));
#2954=CARTESIAN_POINT('',(181.149512548429,88.6775907311007,-2.08123938709881));
#2955=CARTESIAN_POINT('',(181.149512548429,89.7994600745058,-1.08869323545749));
#2956=CARTESIAN_POINT('Ctrl Pts',(125.599675022352,89.7994600745058,-1.08869323545748));
#2957=CARTESIAN_POINT('Ctrl Pts',(126.198073623036,89.7994600745058,-1.08869323545748));
#2958=CARTESIAN_POINT('Ctrl Pts',(127.233786050759,89.7994600745058,-1.59496599641975));
#2959=CARTESIAN_POINT('Ctrl Pts',(127.599675022352,89.7994600745058,-2.65154353407789));
#2960=CARTESIAN_POINT('Ctrl Pts',(127.599675022352,89.7994600745058,-3.10371288637518));
#2961=CARTESIAN_POINT('Ctrl Pts',(125.599675022352,89.7994600745058,-1.24992841397506));
#2962=CARTESIAN_POINT('Ctrl Pts',(126.149443134372,89.7994600745058,-1.24992841397506));
#2963=CARTESIAN_POINT('Ctrl Pts',(127.102374495356,89.799474391526,-1.71120682558651));
#2964=CARTESIAN_POINT('Ctrl Pts',(127.447466266993,89.7994694975743,-2.68487820348807));
#2965=CARTESIAN_POINT('Ctrl Pts',(127.450075372181,89.7994600745058,-3.10371288637518));
#2966=CARTESIAN_POINT('Ctrl Pts',(125.599675022352,89.7197550044236,-1.57158749113486));
#2967=CARTESIAN_POINT('Ctrl Pts',(126.052358750862,89.7197550044236,-1.57158749113486));
#2968=CARTESIAN_POINT('Ctrl Pts',(126.84013042722,89.7227451985194,-1.94321984653198));
#2969=CARTESIAN_POINT('Ctrl Pts',(127.143662946244,89.7285854313146,-2.75145230195565));
#2970=CARTESIAN_POINT('Ctrl Pts',(127.151458461953,89.7310010918788,-3.10371288637518));
#2971=CARTESIAN_POINT('Ctrl Pts',(125.599675022352,89.3343946029015,-2.00733636661659));
#2972=CARTESIAN_POINT('Ctrl Pts',(125.921138653772,89.3343946029015,-2.00733636661659));
#2973=CARTESIAN_POINT('Ctrl Pts',(126.483396750928,89.3507007126528,-2.26299065442653));
#2974=CARTESIAN_POINT('Ctrl Pts',(126.719326517018,89.3829936391576,-2.84504884013603));
#2975=CARTESIAN_POINT('Ctrl Pts',(126.730906959834,89.3964502834526,-3.10371288637518));
#2976=CARTESIAN_POINT('Ctrl Pts',(125.599675022352,88.9176407650209,-2.11071382510843));
#2977=CARTESIAN_POINT('Ctrl Pts',(125.88952560401,88.9176407650209,-2.11071382510843));
#2978=CARTESIAN_POINT('Ctrl Pts',(126.395037987206,88.944915788865,-2.35033784256885));
#2979=CARTESIAN_POINT('Ctrl Pts',(126.593453538374,89.000413371645,-2.87451844276857));
#2980=CARTESIAN_POINT('Ctrl Pts',(126.599675022352,89.0238595497622,-3.10371288637518));
#2981=CARTESIAN_POINT('Ctrl Pts',(125.599675022352,88.6775907311006,-2.0812393870988));
#2982=CARTESIAN_POINT('Ctrl Pts',(125.898874322694,88.6775907311006,-2.0812393870988));
#2983=CARTESIAN_POINT('Ctrl Pts',(126.416730536555,88.7082103476063,-2.33813538374759));
#2984=CARTESIAN_POINT('Ctrl Pts',(126.599675022352,88.7721126577959,-2.87427036967397));
#2985=CARTESIAN_POINT('Ctrl Pts',(126.599675022352,88.7994600745058,-3.10371288637518));
#2986=CARTESIAN_POINT('',(127.599675022352,89.7994600745058,-3.10371288637517));
#2987=CARTESIAN_POINT('',(126.599675022352,88.7994600745058,-3.10371288637518));
#2988=CARTESIAN_POINT('Origin',(127.599675022352,88.7994600745058,-3.10371288637517));
#2989=CARTESIAN_POINT('Origin',(125.599675022352,88.7994600745058,-3.10371288637518));
#2990=CARTESIAN_POINT('Origin',(125.599675022352,89.7994600745058,-3.10371288637518));
#2991=CARTESIAN_POINT('Origin',(127.599675022352,88.7994600745058,-3.90135887834255));
#2992=CARTESIAN_POINT('',(126.599675022352,88.7994600745058,-3.90135887834255));
#2993=CARTESIAN_POINT('',(127.599675022352,89.7994600745058,-3.90135887834255));
#2994=CARTESIAN_POINT('Origin',(181.149512548429,88.7994600745058,-10.1562816645871));
#2995=CARTESIAN_POINT('',(114.64995111485,88.9213294179109,-9.1637355129458));
#2996=CARTESIAN_POINT('Origin',(114.64995111485,88.7994600745058,-10.1562816645871));
#2997=CARTESIAN_POINT('',(181.149512548429,88.9213294179109,-9.1637355129458));
#2998=CARTESIAN_POINT('Ctrl Pts',(114.64995111485,89.7994600745058,-10.1562816645871));
#2999=CARTESIAN_POINT('Ctrl Pts',(114.201147618341,89.7994600745058,-10.1562816645871));
#3000=CARTESIAN_POINT('Ctrl Pts',(113.152227727511,89.7994600745058,-9.78765108980437));
#3001=CARTESIAN_POINT('Ctrl Pts',(112.649156264415,89.7994600745058,-8.74415448339914));
#3002=CARTESIAN_POINT('Ctrl Pts',(112.648825560741,89.7994600745058,-8.14126201366941));
#3003=CARTESIAN_POINT('Ctrl Pts',(114.64995111485,89.7994600745058,-9.8803534209385));
#3004=CARTESIAN_POINT('Ctrl Pts',(114.263725596645,89.7994663977462,-9.88015802347969));
#3005=CARTESIAN_POINT('Ctrl Pts',(113.360926996233,89.7993410515887,-9.55679311720763));
#3006=CARTESIAN_POINT('Ctrl Pts',(112.942059658363,89.7991716082246,-8.65449678499703));
#3007=CARTESIAN_POINT('Ctrl Pts',(112.948875744583,89.7994600745058,-8.14109742760595));
#3008=CARTESIAN_POINT('Ctrl Pts',(114.64995111485,89.5876845461828,-9.40136307630404));
#3009=CARTESIAN_POINT('Ctrl Pts',(114.37177163817,89.5873720630466,-9.40084826652666));
#3010=CARTESIAN_POINT('Ctrl Pts',(113.722699188021,89.5798538073443,-9.15692718162556));
#3011=CARTESIAN_POINT('Ctrl Pts',(113.449882433597,89.5591183082668,-8.50052140248937));
#3012=CARTESIAN_POINT('Ctrl Pts',(113.468068700413,89.5466337142611,-8.14081263549657));
#3013=CARTESIAN_POINT('Ctrl Pts',(114.64995111485,89.1267330551829,-9.1889559083561));
#3014=CARTESIAN_POINT('Ctrl Pts',(114.419973898614,89.1258979278684,-9.18864122505815));
#3015=CARTESIAN_POINT('Ctrl Pts',(113.882586935744,89.1055256199424,-8.99051451193263));
#3016=CARTESIAN_POINT('Ctrl Pts',(113.641844450588,89.0513948860979,-8.44609811375136));
#3017=CARTESIAN_POINT('Ctrl Pts',(113.649820755851,89.0200281401543,-8.14071293932259));
#3018=CARTESIAN_POINT('Ctrl Pts',(114.64995111485,88.921329417911,-9.16373551294581));
#3019=CARTESIAN_POINT('Ctrl Pts',(114.425544820623,88.9203269445581,-9.16361242469536));
#3020=CARTESIAN_POINT('Ctrl Pts',(113.900973150468,88.8956895164426,-8.97627204151104));
#3021=CARTESIAN_POINT('Ctrl Pts',(113.64914613527,88.8314559362818,-8.44663684637317));
#3022=CARTESIAN_POINT('Ctrl Pts',(113.648815431596,88.7949927140019,-8.14071349077155));
#3023=CARTESIAN_POINT('',(112.648825560741,89.7994600745058,-8.14126201366941));
#3024=CARTESIAN_POINT('Origin',(114.648845819236,89.7994600745058,-8.14126201366943));
#3025=CARTESIAN_POINT('',(113.648815431596,88.7949927140019,-8.14071349077156));
#3026=CARTESIAN_POINT('Origin',(112.648825560741,88.7994600745058,-8.14126201366941));
#3027=CARTESIAN_POINT('Origin',(114.648845819236,88.7994600745058,-8.14126201366943));
#3028=CARTESIAN_POINT('Origin',(112.646686612117,88.7994600745058,-4.24183144083988));
#3029=CARTESIAN_POINT('',(112.646686612117,89.7994600745058,-4.24183144083988));
#3030=CARTESIAN_POINT('',(113.646676482972,88.7949927140019,-4.24128291794201));
#3031=CARTESIAN_POINT('Origin',(120.099675022352,43.5576003948387,-3.59376996392953));
#3032=CARTESIAN_POINT('',(114.622189927561,82.7994600745058,-8.41206447371085));
#3033=CARTESIAN_POINT('',(114.533260942117,63.1889288652479,-6.00419401010941));
#3034=CARTESIAN_POINT('',(125.599675022352,82.7994600745058,-8.41206447371085));
#3035=CARTESIAN_POINT('',(125.849675022352,82.7994600745058,-8.41206447371085));
#3036=CARTESIAN_POINT('',(125.599675022352,60.6971648555689,-5.69824386030732));
#3037=CARTESIAN_POINT('Origin',(114.533260942117,63.310798208653,-5.01164785846809));
#3038=CARTESIAN_POINT('',(113.622179798314,82.921329417911,-7.41951832206953));
#3039=CARTESIAN_POINT('',(113.533271071262,63.3152655691569,-5.01219638136596));
#3040=CARTESIAN_POINT('Origin',(114.622189927561,82.9213294179109,-7.41951832206953));
#3041=CARTESIAN_POINT('Origin',(113.622179798314,82.7994600745058,-8.41206447371085));
#3042=CARTESIAN_POINT('',(113.618863911472,82.7994600745058,-2.36700552095776));
#3043=CARTESIAN_POINT('',(113.616619329455,82.3044870859763,-2.30623047990236));
#3044=CARTESIAN_POINT('',(113.6210745027,82.7994600745058,-6.3970448227932));
#3045=CARTESIAN_POINT('',(113.619343485725,82.7994600745058,-3.24129791086873));
#3046=CARTESIAN_POINT('',(113.622179798314,83.0431987613161,-6.42697217042824));
#3047=CARTESIAN_POINT('',(113.591977098994,76.3829296189616,-5.60919394828908));
#3048=CARTESIAN_POINT('',(113.622179798314,82.7994600745058,-8.41206447371087));
#3049=CARTESIAN_POINT('Origin',(114.61660920031,82.3000197254724,-2.30568195700449));
#3050=CARTESIAN_POINT('',(114.618321392913,82.7994600745058,-1.35949569549891));
#3051=CARTESIAN_POINT('',(114.61660920031,82.4218890688775,-1.31313580536317));
#3052=CARTESIAN_POINT('Origin',(114.61887404072,82.7994600745058,-2.36700552095776));
#3053=CARTESIAN_POINT('Origin',(242.199350074506,89.7994600745058,0.));
#3054=CARTESIAN_POINT('',(242.199350074506,89.7994600745058,10.));
#3055=CARTESIAN_POINT('Origin',(125.599675022352,79.8086280662817,-1.99977752609361));
#3056=CARTESIAN_POINT('',(126.599675022352,82.7994600745058,-2.36700552095776));
#3057=CARTESIAN_POINT('',(126.599675022352,79.8086280662817,-1.99977752609361));
#3058=CARTESIAN_POINT('',(125.599675022352,82.7994600745058,-1.35949569549891));
#3059=CARTESIAN_POINT('Origin',(125.599675022352,82.7994600745058,-2.36700552095776));
#3060=CARTESIAN_POINT('',(125.599675022352,79.9304974096869,-1.00723137445229));
#3061=CARTESIAN_POINT('Origin',(120.099675022352,81.1711800992385,-1.15956805370872));
#3062=CARTESIAN_POINT('',(181.149512548429,82.7994600745058,-1.35949569549891));
#3063=CARTESIAN_POINT('Origin',(125.599675022352,60.8190341989741,-4.705697708666));
#3064=CARTESIAN_POINT('',(126.599675022352,82.9213294179109,-7.41951832206953));
#3065=CARTESIAN_POINT('Origin',(125.599675022352,82.9213294179109,-7.41951832206953));
#3066=CARTESIAN_POINT('',(126.599675022352,60.8190341989741,-4.705697708666));
#3067=CARTESIAN_POINT('Origin',(126.599675022352,77.8367293162992,-7.80271775668511));
#3068=CARTESIAN_POINT('',(126.599675022352,83.0431987613161,-6.42697217042824));
#3069=CARTESIAN_POINT('',(126.599675022352,82.7994600745058,-8.41206447371087));
#3070=CARTESIAN_POINT('',(126.599675022352,82.7994600745058,-6.3970448227932));
#3071=CARTESIAN_POINT('',(126.599675022352,73.8869605124249,-5.30272747751575));
#3072=CARTESIAN_POINT('',(126.599675022352,82.7994600745058,-2.90135887834255));
#3073=CARTESIAN_POINT('Origin',(110.599675022352,75.9508916281807,-7.57116600421536));
#3074=CARTESIAN_POINT('',(108.599675022352,76.194630314991,-5.58607370093272));
#3075=CARTESIAN_POINT('',(110.599675022352,76.194630314991,-5.58607370093272));
#3076=CARTESIAN_POINT('',(110.599675022352,76.194630314991,-5.58607370093272));
#3077=CARTESIAN_POINT('',(108.599675022352,76.4383690018012,-3.60098139765008));
#3078=CARTESIAN_POINT('',(108.599675022352,75.9508916281807,-7.57116600421536));
#3079=CARTESIAN_POINT('',(110.599675022352,76.4383690018012,-3.60098139765008));
#3080=CARTESIAN_POINT('',(110.599675022352,76.4383690018012,-3.60098139765008));
#3081=CARTESIAN_POINT('',(110.599675022352,75.9508916281807,-7.57116600421536));
#3082=CARTESIAN_POINT('Origin',(110.599675022352,56.0999685953542,-5.13377913611241));
#3083=CARTESIAN_POINT('',(110.599675022352,75.9508916281807,-7.57116600421536));
#3084=CARTESIAN_POINT('',(110.599675022352,56.0999685953542,-5.13377913611241));
#3085=CARTESIAN_POINT('',(110.599675022352,49.8287844950965,-4.36377455002096));
#3086=CARTESIAN_POINT('',(110.599675022352,75.9508916281807,-7.57116600421538));
#3087=CARTESIAN_POINT('',(110.599675022352,56.5874459689748,-1.16359452954712));
#3088=CARTESIAN_POINT('',(110.599675022352,56.5874459689748,-1.16359452954712));
#3089=CARTESIAN_POINT('',(110.599675022352,56.0999685953542,-5.13377913611241));
#3090=CARTESIAN_POINT('Origin',(108.599675022352,56.0999685953542,-5.13377913611241));
#3091=CARTESIAN_POINT('',(108.599675022352,56.0999685953542,-5.13377913611241));
#3092=CARTESIAN_POINT('',(114.349675022352,56.0999685953542,-5.13377913611238));
#3093=CARTESIAN_POINT('',(108.599675022352,56.5874459689748,-1.16359452954712));
#3094=CARTESIAN_POINT('',(108.599675022352,56.5874459689748,-1.16359452954712));
#3095=CARTESIAN_POINT('',(108.599675022352,56.0999685953542,-5.13377913611241));
#3096=CARTESIAN_POINT('Origin',(109.599675022352,66.512907485388,-2.3822879635986));
#3097=CARTESIAN_POINT('',(108.599675022352,76.4383690018012,-3.60098139765008));
#3098=CARTESIAN_POINT('Origin',(108.599675022352,75.9508916281807,-7.57116600421536));
#3099=CARTESIAN_POINT('',(115.298639519393,75.9508916281807,-7.57116600421536));
#3100=CARTESIAN_POINT('',(114.349675022352,75.9508916281807,-7.57116600421533));
#3101=CARTESIAN_POINT('',(115.298639519393,76.194630314991,-5.58607370093272));
#3102=CARTESIAN_POINT('',(115.298639519393,75.9508916281807,-7.57116600421536));
#3103=CARTESIAN_POINT('',(110.599675022352,76.194630314991,-5.58607370093272));
#3104=CARTESIAN_POINT('Origin',(120.099675022352,43.5576003948387,-3.59376996392953));
#3105=CARTESIAN_POINT('',(108.599675022352,82.7994600745058,-8.41206447371088));
#3106=CARTESIAN_POINT('',(108.599675022352,63.1785302346723,-6.00291721882019));
#3107=CARTESIAN_POINT('',(4.99999997019767,82.7994600745058,-8.41206447371085));
#3108=CARTESIAN_POINT('',(181.149512548429,82.7994600745058,-8.41206447371085));
#3109=CARTESIAN_POINT('',(4.99999997019768,4.99999997019767,1.14050807367967));
#3110=CARTESIAN_POINT('',(4.99999997019767,65.9968211620087,-6.34895983282984));
#3111=CARTESIAN_POINT('',(235.199350074506,4.99999997019768,1.14050807367967));
#3112=CARTESIAN_POINT('',(59.0498374962747,4.99999997019768,1.14050807367967));
#3113=CARTESIAN_POINT('',(235.199350074506,82.7994600745058,-8.41206447371085));
#3114=CARTESIAN_POINT('',(235.199350074506,20.7788001825182,-0.796884981964766));
#3115=CARTESIAN_POINT('',(131.599675022352,82.7994600745058,-8.41206447371088));
#3116=CARTESIAN_POINT('',(181.149512548429,82.7994600745058,-8.41206447371085));
#3117=CARTESIAN_POINT('',(131.599675022352,56.0999685953542,-5.1337791361124));
#3118=CARTESIAN_POINT('',(131.599675022352,59.7542460115097,-5.58246798407243));
#3119=CARTESIAN_POINT('',(129.599675022352,56.0999685953542,-5.1337791361124));
#3120=CARTESIAN_POINT('',(124.849675022352,56.0999685953542,-5.13377913611238));
#3121=CARTESIAN_POINT('',(129.599675022352,75.9508916281807,-7.57116600421536));
#3122=CARTESIAN_POINT('',(129.599675022352,59.7542460115097,-5.58246798407243));
#3123=CARTESIAN_POINT('',(124.90071052531,75.9508916281807,-7.57116600421536));
#3124=CARTESIAN_POINT('',(122.500192773831,75.9508916281807,-7.57116600421533));
#3125=CARTESIAN_POINT('',(125.048639519393,56.0999685953542,-5.1337791361124));
#3126=CARTESIAN_POINT('',(125.09523443491,49.8472925234778,-4.36604705015894));
#3127=CARTESIAN_POINT('',(115.15071052531,56.0999685953542,-5.13377913611241));
#3128=CARTESIAN_POINT('',(117.625192773831,56.0999685953542,-5.13377913611238));
#3129=CARTESIAN_POINT('',(115.178080106835,59.772754039891,-5.58474048421041));
#3130=CARTESIAN_POINT('',(125.099675022352,49.2514001490291,-4.29288066661688));
#3131=CARTESIAN_POINT('',(125.099675022352,47.2663078457464,-4.04914197980659));
#3132=CARTESIAN_POINT('',(125.099675022352,45.4119541202926,-3.82145597186805));
#3133=CARTESIAN_POINT('',(115.099675022352,47.2663078457464,-4.04914197980659));
#3134=CARTESIAN_POINT('',(117.599675022352,47.2663078457465,-4.04914197980657));
#3135=CARTESIAN_POINT('',(115.099675022352,49.2514001490291,-4.29288066661688));
#3136=CARTESIAN_POINT('',(115.099675022352,46.4045002719339,-3.9433253152732));
#3137=CARTESIAN_POINT('',(122.599675022352,49.2514001490291,-4.29288066661686));
#3138=CARTESIAN_POINT('Origin',(125.099675022352,47.2663078457464,-4.04914197980659));
#3139=CARTESIAN_POINT('',(125.099675022352,49.7388775226497,-0.322696060051595));
#3140=CARTESIAN_POINT('',(125.099675022352,49.2514001490291,-4.29288066661688));
#3141=CARTESIAN_POINT('',(125.099675022352,47.753785219367,-0.078957373241299));
#3142=CARTESIAN_POINT('',(125.099675022352,49.7388775226497,-0.322696060051597));
#3143=CARTESIAN_POINT('',(125.099675022352,47.2663078457464,-4.04914197980659));
#3144=CARTESIAN_POINT('Origin',(115.099675022352,47.2663078457464,-4.04914197980659));
#3145=CARTESIAN_POINT('',(115.099675022352,47.753785219367,-0.078957373241299));
#3146=CARTESIAN_POINT('',(125.099675022352,47.753785219367,-0.0789573732413001));
#3147=CARTESIAN_POINT('',(115.099675022352,47.2663078457464,-4.04914197980659));
#3148=CARTESIAN_POINT('Origin',(115.099675022352,49.2514001490291,-4.29288066661688));
#3149=CARTESIAN_POINT('',(115.099675022352,49.7388775226497,-0.322696060051595));
#3150=CARTESIAN_POINT('',(115.099675022352,47.753785219367,-0.0789573732413001));
#3151=CARTESIAN_POINT('',(115.099675022352,49.2514001490291,-4.29288066661688));
#3152=CARTESIAN_POINT('Origin',(125.099675022352,49.2514001490291,-4.29288066661688));
#3153=CARTESIAN_POINT('',(120.099675022352,49.7388775226497,-0.322696060051597));
#3154=CARTESIAN_POINT('Origin',(120.099675022352,48.7463313710084,-0.200826716646448));
#3155=CARTESIAN_POINT('Origin',(131.599675022352,75.9508916281807,-7.57116600421536));
#3156=CARTESIAN_POINT('',(129.599675022352,76.194630314991,-5.58607370093272));
#3157=CARTESIAN_POINT('',(131.599675022352,76.194630314991,-5.58607370093272));
#3158=CARTESIAN_POINT('',(124.90071052531,76.194630314991,-5.58607370093272));
#3159=CARTESIAN_POINT('',(129.599675022352,76.4383690018012,-3.60098139765008));
#3160=CARTESIAN_POINT('',(129.599675022352,75.9508916281807,-7.57116600421536));
#3161=CARTESIAN_POINT('',(131.599675022352,76.4383690018012,-3.60098139765008));
#3162=CARTESIAN_POINT('',(131.599675022352,76.4383690018012,-3.60098139765008));
#3163=CARTESIAN_POINT('',(131.599675022352,75.9508916281807,-7.57116600421536));
#3164=CARTESIAN_POINT('Origin',(129.599675022352,56.0999685953542,-5.1337791361124));
#3165=CARTESIAN_POINT('',(131.599675022352,56.5874459689748,-1.16359452954712));
#3166=CARTESIAN_POINT('',(131.599675022352,56.0999685953542,-5.1337791361124));
#3167=CARTESIAN_POINT('',(129.599675022352,56.5874459689748,-1.16359452954712));
#3168=CARTESIAN_POINT('',(129.599675022352,56.5874459689748,-1.16359452954712));
#3169=CARTESIAN_POINT('',(129.599675022352,56.0999685953542,-5.1337791361124));
#3170=CARTESIAN_POINT('Origin',(129.599675022352,75.9508916281807,-7.57116600421536));
#3171=CARTESIAN_POINT('',(129.599675022352,76.4383690018012,-3.60098139765008));
#3172=CARTESIAN_POINT('',(129.599675022352,75.9508916281807,-7.57116600421536));
#3173=CARTESIAN_POINT('Origin',(130.599675022352,66.512907485388,-2.38228796359859));
#3174=CARTESIAN_POINT('',(131.599675022352,56.5874459689748,-1.16359452954712));
#3175=CARTESIAN_POINT('Origin',(108.599675022352,82.7994600745058,-8.41206447371088));
#3176=CARTESIAN_POINT('',(108.599675022352,82.7994600745058,-6.39704482279319));
#3177=CARTESIAN_POINT('',(108.599675022352,82.7994600745058,-3.20603223685544));
#3178=CARTESIAN_POINT('',(108.599675022352,76.194630314991,-5.58607370093272));
#3179=CARTESIAN_POINT('Origin',(120.099675022352,69.6934530217403,-4.78782950162899));
#3180=CARTESIAN_POINT('',(131.599675022352,82.7994600745058,-6.39704482279319));
#3181=CARTESIAN_POINT('',(181.149512548429,82.7994600745058,-6.3970448227932));
#3182=CARTESIAN_POINT('',(108.599675022352,83.0431987613161,-6.42697217042824));
#3183=CARTESIAN_POINT('',(181.149512548429,82.7994600745058,-6.3970448227932));
#3184=CARTESIAN_POINT('',(115.15071052531,56.3437072821645,-3.14868683282976));
#3185=CARTESIAN_POINT('',(115.15071052531,56.3437072821645,-3.14868683282976));
#3186=CARTESIAN_POINT('',(125.048639519393,56.3437072821645,-3.14868683282976));
#3187=CARTESIAN_POINT('',(115.15071052531,56.3437072821645,-3.14868683282976));
#3188=CARTESIAN_POINT('',(124.90071052531,76.194630314991,-5.58607370093272));
#3189=CARTESIAN_POINT('',(125.048639519393,56.3437072821645,-3.14868683282976));
#3190=CARTESIAN_POINT('',(124.90071052531,76.194630314991,-5.58607370093272));
#3191=CARTESIAN_POINT('',(131.599675022352,76.194630314991,-5.58607370093272));
#3192=CARTESIAN_POINT('Origin',(131.599675022352,82.7994600745058,-8.41206447371088));
#3193=CARTESIAN_POINT('Origin',(131.599675022352,75.9508916281807,-7.57116600421536));
#3194=CARTESIAN_POINT('',(131.599675022352,82.7994600745058,-2.78558300210768));
#3195=CARTESIAN_POINT('Origin',(124.90071052531,75.9508916281807,-7.57116600421536));
#3196=CARTESIAN_POINT('',(124.90071052531,75.9508916281807,-7.57116600421536));
#3197=CARTESIAN_POINT('Origin',(125.048639519393,56.0999685953542,-5.1337791361124));
#3198=CARTESIAN_POINT('',(125.048639519393,56.0999685953542,-5.1337791361124));
#3199=CARTESIAN_POINT('Origin',(115.15071052531,56.0999685953542,-5.13377913611241));
#3200=CARTESIAN_POINT('',(115.15071052531,56.0999685953542,-5.13377913611241));
#3201=CARTESIAN_POINT('Origin',(115.298639519393,75.9508916281807,-7.57116600421536));
#3202=CARTESIAN_POINT('Origin',(242.199350074506,82.7994600745058,2.));
#3203=CARTESIAN_POINT('',(235.199350074506,82.7994600745058,10.));
#3204=CARTESIAN_POINT('',(235.199350074506,82.7994600745058,2.));
#3205=CARTESIAN_POINT('',(4.99999997019767,82.7994600745058,10.));
#3206=CARTESIAN_POINT('',(181.149512548429,82.7994600745058,10.));
#3207=CARTESIAN_POINT('',(4.99999997019767,82.7994600745058,2.));
#3208=CARTESIAN_POINT('Origin',(237.699350074506,85.2994600745058,0.));
#3209=CARTESIAN_POINT('',(235.699350074506,85.2994600745058,2.));
#3210=CARTESIAN_POINT('',(235.699350074506,85.2994600745058,0.));
#3211=CARTESIAN_POINT('Origin',(237.699350074506,85.2994600745058,2.));
#3212=CARTESIAN_POINT('Origin',(237.699350074506,85.2994600745058,2.));
#3213=CARTESIAN_POINT('',(236.549350074506,85.2994600745058,2.));
#3214=CARTESIAN_POINT('Origin',(237.699350074506,85.2994600745058,2.));
#3215=CARTESIAN_POINT('Origin',(237.699350074506,85.2994600745058,0.));
#3216=CARTESIAN_POINT('',(236.549350074506,85.2994600745058,10.));
#3217=CARTESIAN_POINT('',(236.549350074506,85.2994600745058,0.));
#3218=CARTESIAN_POINT('Origin',(237.699350074506,85.2994600745058,10.));
#3219=CARTESIAN_POINT('Origin',(159.299350074506,2.5000000372529,0.));
#3220=CARTESIAN_POINT('',(157.299350074506,2.5000000372529,2.));
#3221=CARTESIAN_POINT('',(157.299350074506,2.5000000372529,0.));
#3222=CARTESIAN_POINT('Origin',(159.299350074506,2.5000000372529,2.));
#3223=CARTESIAN_POINT('Origin',(159.299350074506,2.5000000372529,2.));
#3224=CARTESIAN_POINT('',(158.149350074506,2.5000000372529,2.));
#3225=CARTESIAN_POINT('Origin',(159.299350074506,2.5000000372529,2.));
#3226=CARTESIAN_POINT('Origin',(159.299350074506,2.5000000372529,0.));
#3227=CARTESIAN_POINT('',(158.149350074506,2.5000000372529,10.));
#3228=CARTESIAN_POINT('',(158.149350074506,2.5000000372529,0.));
#3229=CARTESIAN_POINT('Origin',(159.299350074506,2.5000000372529,10.));
#3230=CARTESIAN_POINT('Origin',(159.299350074506,85.2994600745058,0.));
#3231=CARTESIAN_POINT('',(157.299350074506,85.2994600745058,2.));
#3232=CARTESIAN_POINT('',(157.299350074506,85.2994600745058,0.));
#3233=CARTESIAN_POINT('Origin',(159.299350074506,85.2994600745058,2.));
#3234=CARTESIAN_POINT('Origin',(159.299350074506,85.2994600745058,2.));
#3235=CARTESIAN_POINT('',(158.149350074506,85.2994600745058,2.));
#3236=CARTESIAN_POINT('Origin',(159.299350074506,85.2994600745058,2.));
#3237=CARTESIAN_POINT('Origin',(159.299350074506,85.2994600745058,0.));
#3238=CARTESIAN_POINT('',(158.149350074506,85.2994600745058,10.));
#3239=CARTESIAN_POINT('',(158.149350074506,85.2994600745058,0.));
#3240=CARTESIAN_POINT('Origin',(159.299350074506,85.2994600745058,10.));
#3241=CARTESIAN_POINT('Origin',(2.5000000372529,85.2994600745058,0.));
#3242=CARTESIAN_POINT('',(0.50000003725291,85.2994600745058,2.));
#3243=CARTESIAN_POINT('',(0.50000003725291,85.2994600745058,0.));
#3244=CARTESIAN_POINT('Origin',(2.5000000372529,85.2994600745058,2.));
#3245=CARTESIAN_POINT('Origin',(2.5000000372529,85.2994600745058,2.));
#3246=CARTESIAN_POINT('',(1.3500000372529,85.2994600745058,2.));
#3247=CARTESIAN_POINT('Origin',(2.5000000372529,85.2994600745058,2.));
#3248=CARTESIAN_POINT('Origin',(2.5000000372529,85.2994600745058,0.));
#3249=CARTESIAN_POINT('',(1.3500000372529,85.2994600745058,10.));
#3250=CARTESIAN_POINT('',(1.3500000372529,85.2994600745058,0.));
#3251=CARTESIAN_POINT('Origin',(2.5000000372529,85.2994600745058,10.));
#3252=CARTESIAN_POINT('Origin',(237.699350074506,2.5000000372529,0.));
#3253=CARTESIAN_POINT('',(235.699350074506,2.5000000372529,2.));
#3254=CARTESIAN_POINT('',(235.699350074506,2.5000000372529,0.));
#3255=CARTESIAN_POINT('Origin',(237.699350074506,2.5000000372529,2.));
#3256=CARTESIAN_POINT('Origin',(237.699350074506,2.5000000372529,2.));
#3257=CARTESIAN_POINT('',(236.549350074506,2.5000000372529,2.));
#3258=CARTESIAN_POINT('Origin',(237.699350074506,2.5000000372529,2.));
#3259=CARTESIAN_POINT('Origin',(237.699350074506,2.5000000372529,0.));
#3260=CARTESIAN_POINT('',(236.549350074506,2.5000000372529,10.));
#3261=CARTESIAN_POINT('',(236.549350074506,2.5000000372529,0.));
#3262=CARTESIAN_POINT('Origin',(237.699350074506,2.5000000372529,10.));
#3263=CARTESIAN_POINT('Origin',(80.9000000372529,2.5000000372529,0.));
#3264=CARTESIAN_POINT('',(78.9000000372529,2.5000000372529,2.));
#3265=CARTESIAN_POINT('',(78.9000000372529,2.5000000372529,0.));
#3266=CARTESIAN_POINT('Origin',(80.9000000372529,2.5000000372529,2.));
#3267=CARTESIAN_POINT('Origin',(80.9000000372529,2.5000000372529,2.));
#3268=CARTESIAN_POINT('',(79.7500000372529,2.5000000372529,2.));
#3269=CARTESIAN_POINT('Origin',(80.9000000372529,2.5000000372529,2.));
#3270=CARTESIAN_POINT('Origin',(80.9000000372529,2.5000000372529,0.));
#3271=CARTESIAN_POINT('',(79.7500000372529,2.5000000372529,10.));
#3272=CARTESIAN_POINT('',(79.7500000372529,2.5000000372529,0.));
#3273=CARTESIAN_POINT('Origin',(80.9000000372529,2.5000000372529,10.));
#3274=CARTESIAN_POINT('Origin',(2.5000000372529,2.5000000372529,0.));
#3275=CARTESIAN_POINT('',(0.500000037252903,2.5000000372529,2.));
#3276=CARTESIAN_POINT('',(0.500000037252903,2.5000000372529,0.));
#3277=CARTESIAN_POINT('Origin',(2.5000000372529,2.5000000372529,2.));
#3278=CARTESIAN_POINT('Origin',(2.5000000372529,2.5000000372529,2.));
#3279=CARTESIAN_POINT('',(1.3500000372529,2.5000000372529,2.));
#3280=CARTESIAN_POINT('Origin',(2.5000000372529,2.5000000372529,2.));
#3281=CARTESIAN_POINT('Origin',(2.5000000372529,2.5000000372529,0.));
#3282=CARTESIAN_POINT('',(1.3500000372529,2.5000000372529,10.));
#3283=CARTESIAN_POINT('',(1.3500000372529,2.5000000372529,0.));
#3284=CARTESIAN_POINT('Origin',(2.5000000372529,2.5000000372529,10.));
#3285=CARTESIAN_POINT('Origin',(80.9000000372529,85.2994600745058,0.));
#3286=CARTESIAN_POINT('',(78.9000000372529,85.2994600745058,2.));
#3287=CARTESIAN_POINT('',(78.9000000372529,85.2994600745058,0.));
#3288=CARTESIAN_POINT('Origin',(80.9000000372529,85.2994600745058,2.));
#3289=CARTESIAN_POINT('Origin',(80.9000000372529,85.2994600745058,2.));
#3290=CARTESIAN_POINT('',(79.7500000372529,85.2994600745058,2.));
#3291=CARTESIAN_POINT('Origin',(80.9000000372529,85.2994600745058,2.));
#3292=CARTESIAN_POINT('Origin',(80.9000000372529,85.2994600745058,0.));
#3293=CARTESIAN_POINT('',(79.7500000372529,85.2994600745058,10.));
#3294=CARTESIAN_POINT('',(79.7500000372529,85.2994600745058,0.));
#3295=CARTESIAN_POINT('Origin',(80.9000000372529,85.2994600745058,10.));
#3296=CARTESIAN_POINT('Origin',(4.99999997019768,89.7994600745058,2.));
#3297=CARTESIAN_POINT('',(4.99999997019768,4.99999997019768,10.));
#3298=CARTESIAN_POINT('',(4.99999997019767,66.8495950484288,10.));
#3299=CARTESIAN_POINT('',(4.99999997019768,4.99999997019768,2.));
#3300=CARTESIAN_POINT('Origin',(235.199350074506,-2.00000002980232,2.));
#3301=CARTESIAN_POINT('',(235.199350074506,4.99999997019768,10.));
#3302=CARTESIAN_POINT('',(235.199350074506,20.9498649962747,10.));
#3303=CARTESIAN_POINT('',(235.199350074506,4.99999997019768,2.));
#3304=CARTESIAN_POINT('Origin',(-2.00000002980232,4.99999997019768,2.));
#3305=CARTESIAN_POINT('',(59.0498374962747,4.99999997019768,10.));
#3306=CARTESIAN_POINT('Origin',(-2.00000002980232,89.7994600745058,0.));
#3307=CARTESIAN_POINT('',(-2.00000002980232,89.7994600745058,10.));
#3308=CARTESIAN_POINT('Origin',(120.099675022352,43.8997300223517,10.));
#3309=UNCERTAINTY_MEASURE_WITH_UNIT(LENGTH_MEASURE(0.01),#3313,
'DISTANCE_ACCURACY_VALUE',
'Maximum model space distance between geometric entities at asserted c
onnectivities');
#3310=UNCERTAINTY_MEASURE_WITH_UNIT(LENGTH_MEASURE(0.01),#3313,
'DISTANCE_ACCURACY_VALUE',
'Maximum model space distance between geometric entities at asserted c
onnectivities');
#3311=(
GEOMETRIC_REPRESENTATION_CONTEXT(3)
GLOBAL_UNCERTAINTY_ASSIGNED_CONTEXT((#3309))
GLOBAL_UNIT_ASSIGNED_CONTEXT((#3313,#3315,#3316))
REPRESENTATION_CONTEXT('','3D')
);
#3312=(
GEOMETRIC_REPRESENTATION_CONTEXT(3)
GLOBAL_UNCERTAINTY_ASSIGNED_CONTEXT((#3310))
GLOBAL_UNIT_ASSIGNED_CONTEXT((#3313,#3315,#3316))
REPRESENTATION_CONTEXT('','3D')
);
#3313=(
LENGTH_UNIT()
NAMED_UNIT(*)
SI_UNIT(.MILLI.,.METRE.)
);
#3314=(
LENGTH_UNIT()
NAMED_UNIT(*)
SI_UNIT($,.METRE.)
);
#3315=(
NAMED_UNIT(*)
PLANE_ANGLE_UNIT()
SI_UNIT($,.RADIAN.)
);
#3316=(
NAMED_UNIT(*)
SI_UNIT($,.STERADIAN.)
SOLID_ANGLE_UNIT()
);
#3317=SHAPE_DEFINITION_REPRESENTATION(#3318,#3319);
#3318=PRODUCT_DEFINITION_SHAPE('',$,#3321);
#3319=SHAPE_REPRESENTATION('',(#1831),#3311);
#3320=PRODUCT_DEFINITION_CONTEXT('part definition',#3325,'design');
#3321=PRODUCT_DEFINITION('prototype','prototype',#3322,#3320);
#3322=PRODUCT_DEFINITION_FORMATION('',$,#3327);
#3323=PRODUCT_RELATED_PRODUCT_CATEGORY('prototype','prototype',(#3327));
#3324=APPLICATION_PROTOCOL_DEFINITION('international standard',
'automotive_design',2009,#3325);
#3325=APPLICATION_CONTEXT(
'Core Data for Automotive Mechanical Design Process');
#3326=PRODUCT_CONTEXT('part definition',#3325,'mechanical');
#3327=PRODUCT('prototype','prototype',$,(#3326));
#3328=PRESENTATION_STYLE_ASSIGNMENT((#3331));
#3329=PRESENTATION_STYLE_ASSIGNMENT((#3332));
#3330=PRESENTATION_STYLE_ASSIGNMENT((#3333));
#3331=SURFACE_STYLE_USAGE(.BOTH.,#3334);
#3332=SURFACE_STYLE_USAGE(.BOTH.,#3335);
#3333=SURFACE_STYLE_USAGE(.BOTH.,#3336);
#3334=SURFACE_SIDE_STYLE('',(#3337));
#3335=SURFACE_SIDE_STYLE('',(#3338));
#3336=SURFACE_SIDE_STYLE('',(#3339));
#3337=SURFACE_STYLE_FILL_AREA(#3340);
#3338=SURFACE_STYLE_FILL_AREA(#3341);
#3339=SURFACE_STYLE_FILL_AREA(#3342);
#3340=FILL_AREA_STYLE('Steel - Satin',(#3343));
#3341=FILL_AREA_STYLE('Paint - Enamel Glossy (White)',(#3344));
#3342=FILL_AREA_STYLE('Paint - Enamel Glossy (Red)',(#3345));
#3343=FILL_AREA_STYLE_COLOUR('Steel - Satin',#3346);
#3344=FILL_AREA_STYLE_COLOUR('Paint - Enamel Glossy (White)',#3347);
#3345=FILL_AREA_STYLE_COLOUR('Paint - Enamel Glossy (Red)',#3348);
#3346=COLOUR_RGB('Steel - Satin',0.627450980392157,0.627450980392157,0.627450980392157);
#3347=COLOUR_RGB('Paint - Enamel Glossy (White)',0.964705882352941,0.964705882352941,
0.952941176470588);
#3348=COLOUR_RGB('Paint - Enamel Glossy (Red)',0.768627450980392,0.207843137254902,
0.152941176470588);
ENDSEC;
END-ISO-10303-21;
